DROP DATABASE IF EXISTS `university`;
CREATE DATABASE `university`;
USE `university`;

CREATE TABLE `Location`(
`Location_code` VARCHAR(50),
`Building`  VARCHAR(50),
`RoomNumber` INT,
PRIMARY KEY(`Location_code`)
);

CREATE TABLE `Major`(
`Dep_id` VARCHAR(50) NOT NULL,
`Name` VARCHAR(50),
`Dep_char` VARCHAR(50),
PRIMARY KEY(`Dep_id`)
);

CREATE TABLE `Professor`(
`Professor_id` VARCHAR(50) NOT NULL,
`First_name` VARCHAR (50),
`Last_name` VARCHAR (50),
`Dept_in` VARCHAR(50),
`Office_location` VARCHAR(50),
PRIMARY KEY(`Professor_id`)
);

CREATE TABLE `Student`(
`Student_id` VARCHAR(50) NOT NULL,
`First_name` VARCHAR (50),
`Last_name` VARCHAR (50),
`Advisor` VARCHAR (50),
`Major` VARCHAR(50),
`Course 1` VARCHAR (50),
`Course 2` VARCHAR (50),
`Course 3` VARCHAR (50),
`Course 4` VARCHAR (50),
PRIMARY KEY(`Student_id`)
);

CREATE TABLE `Course`(
`Course_id` VARCHAR(50) NOT NULL,
`Name` VARCHAR (50),
`Dept_id` VARCHAR (50),
`Units` INT,
`Professor` VARCHAR (50),
`Time` VARCHAR (50),
`Course_location` VARCHAR (50),
`Student_enr` INT,
`Description` VARCHAR (650),
PRIMARY KEY(`Course_id`)
);

INSERT INTO Location
VALUES
('O100','Swan',100),('O101','Swan',101),('O102','Swan',102),('O103','Swan',103),('O104','Swan',104),('O105','Swan',105),('O106','Swan',106),('O107','Swan',107),('O108','Swan',108),('O109','Swan',109),('O110','Swan',110),('O111','Swan',111),('O112','Swan',112),('O113','Swan',113),('O114','Swan',114),('O115','Swan',115),
('O200','Swan',200),('O201','Swan',201),('O202','Swan',202),('O203','Swan',203),('O204','Swan',204),('O205','Swan',205),('O206','Swan',206),('O207','Swan',207),('O208','Swan',208),('O209','Swan',209),('O210','Swan',210),('O211','Swan',211),('O212','Swan',212),('O213','Swan',213),('O214','Swan',214),('O215','Swan',215),
('O300','Swan',300),('O301','Swan',301),('O302','Swan',302),('O303','Swan',303),('O304','Swan',304),('O305','Swan',305),('O306','Swan',306),('O307','Swan',307),('O308','Swan',308),('O309','Swan',309),('O310','Swan',310),('O311','Swan',311),('O312','Swan',312),('O313','Swan',313),('O314','Swan',314),('O315','Swan',315),
('O400','Swan',400),('O401','Swan',401),('O402','Swan',402),('O403','Swan',403),('O404','Swan',404),('O405','Swan',405),('O406','Swan',406),('O407','Swan',407),('O408','Swan',408),('O409','Swan',409),('O410','Swan',410),('O411','Swan',411),('O412','Swan',412),('O413','Swan',413),('O414','Swan',414),('O415','Swan',415),
('O500','Swan',500),('O501','Swan',501),('O502','Swan',502),('O503','Swan',503),('O504','Swan',504),('O505','Swan',505),('O506','Swan',506),
('F100','Fowler',100),('F101','Fowler',101),('F102','Fowler',102),('F103','Fowler',103),('F104','Fowler',104),('F105','Fowler',105),('F106','Fowler',106),('F107','Fowler',107),('F108','Fowler',108),('F109','Fowler',109),('F110','Fowler',110),
('F200','Fowler',200),('F201','Fowler',201),('F202','Fowler',202),('F203','Fowler',203),('F204','Fowler',204),('F205','Fowler',205),('F206','Fowler',206),('F207','Fowler',207),('F208','Fowler',208),('F209','Fowler',209),('F210','Fowler',210),
('C100','Choi',100),('C101','Choi',101),('C102','Choi',102),('C103','Choi',103),('C104','Choi',104),('C105','Choi',105),('C106','Choi',106),('C107','Choi',107),('C108','Choi',108),('C109','Choi',109),('C110','Choi',110),
('C200','Choi',200),('C201','Choi',201),('C202','Choi',202),('C203','Choi',203),('C204','Choi',204),('C205','Choi',205),('C206','Choi',206),('C207','Choi',207),('C208','Choi',208),('C209','Choi',209),('C210','Choi',210),
('B100','Berkus',100),('B101','Berkus',101),('B102','Berkus',102),('B103','Berkus',103),('B104','Berkus',104),('B105','Berkus',105),('B106','Berkus',106),('B107','Berkus',107),('B108','Berkus',108),('B109','Berkus',109),('B110','Berkus',110),
('B200','Berkus',200),('B201','Berkus',201),('B202','Berkus',202),('B203','Berkus',203),('B204','Berkus',204),('B205','Berkus',205),('B206','Berkus',206),('B207','Berkus',207),('B208','Berkus',208),('B209','Berkus',209),('B210','Berkus',210),
('HSC100','Hameetman Science Center',100),('HSC101','Hameetman Science Center',101),('HSC102','Hameetman Science Center',102),('HSC103','Hameetman Science Center',103),('HSC104','Hameetman Science Center',104),('HSC105','Hameetman Science Center',105),
('HSC106','Hameetman Science Center',106),('HSC107','Hameetman Science Center',107),('HSC108','Hameetman Science Center',108),('HSC109','Hameetman Science Center',109),('HSC110','Hameetman Science Center',110),
('HSC200','Hameetman Science Center',200),('HSC201','Hameetman Science Center',201),('HSC202','Hameetman Science Center',202),('HSC203','Hameetman Science Center',203),('HSC204','Hameetman Science Center',204),('HSC205','Hameetman Science Center',205),
('HSC206','Hameetman Science Center',206),('HSC207','Hameetman Science Center',207),('HSC208','Hameetman Science Center',208),('HSC209','Hameetman Science Center',209),('HSC210','Hameetman Science Center',210),
('LIB100','Library',100),('LIB101','Library',101),('LIB102','Library',102),('LIB103','Library',103),('LIB104','Library',104),('LIB105','Library',105),('LIB106','Library',106),('LIB107','Library',107),('LIB108','Library',108),('LIB109','Library',109),('LIB110','Library',110),
('LIB200','Library',200),('LIB201','Library',201),('LIB202','Library',202),('LIB203','Library',203),('LIB204','Library',204),('LIB205','Library',205),('LIB206','Library',206),('LIB207','Library',207),('LIB208','Library',208),('LIB209','Library',209),('LIB210','Library',210),
('J100','Johnson',100),('J101','Johnson',101),('J102','Johnson',102),('J103','Johnson',103),('J104','Johnson',104),('J105','Johnson',105),('J106','Johnson',106),('J107','Johnson',107),('J108','Johnson',108),('J109','Johnson',109),('J110','Johnson',110),
('J200','Johnson',200),('J201','Johnson',201),('J202','Johnson',202),('J203','Johnson',203),('J204','Johnson',204),('J205','Johnson',205),('J206','Johnson',206),('J207','Johnson',207),('J208','Johnson',208),('J209','Johnson',209),('J210','Johnson',210);

SELECT * FROM Location;

INSERT INTO Major
VALUES
('BIO',	'Biology', 'P1006'),
('BLST', 'Black Studies', 'P1007'),
('CHEM', 'Chemistry', 'P1008'),
('COGS', 'Cognitive Science', 'P1009'),
('COMP', 'Computer Science', 'P1001'),
('CTSJ', 'Critical Theory & Social Justice', 'P1010'),
('GEO', 'Geology', 'P1011'),
('GERM', 'German Studies', 'P1005'),
('HIST', 'History', 'P1012'),
('LING', 'Lingustics', 'P1013'),
('MAC', 'Media Arts & Culture', 'P1014'),
('MATH', 'Mathematics', 'P1015'),
('PHIL', 'Philosophy', 'P1016'),
('PSYC', 'Psycology', 'P1017');

INSERT INTO `Professor`
VALUES
('P1006', 'Joesph', 'Schulz', 'BIO', 'O100'),
('P1022', 'Rivi', 'Heather', 'BIO', 'O101'),
('P1023', 'Darsie', 'Hanlin', 'BIO', 'O102'),
('P1024', 'Cliff', 'Geffinger', 'BIO', 'O103'),
('P1025', 'Darcy', 'Comiam', 'BIO', 'O104'),
('P1007', 'Erica', 'Ball', 'BLST', 'O300'),
('P1026', 'Sidney', 'Gronous', 'BLST', 'O301'),
('P1027', 'Floyd', 'Jaqueminet', 'BLST', 'O302'),
('P1028', 'Armstrong', 'Barde', 'BLST', 'O303'),
('P1029', 'Wren', 'Vye', 'BLST', 'O304'),
('P1030', 'Chrisy', 'Novelli', 'BLST', 'O305'),
('P1008', 'Jeffrey', 'Cannon', 'CHEM', 'O105'),
('P1031', 'Magda', 'Noble', 'CHEM', 'O106'),
('P1032', 'Kori', 'Hamman', 'CHEM', 'O107'),
('P1033', 'Morna', 'Duck', 'CHEM', 'O108'),
('P1034', 'Shirl', 'Curnow', 'CHEM', 'O109'),
('P1035', 'Etty', 'Petren', 'CHEM', 'O110'),
('P1009', 'Aleksandra', 'Sherman', 'COGS', 'O200'),
('P1036', 'Aldwin', 'Fazzioli', 'COGS', 'O201'),
('P1037', 'Carmina', 'Trayling', 'COGS', 'O202'),
('P1038', 'Marissa', 'Joye', 'COGS', 'O203'),
('P1039', 'Ola', 'Isacq', 'COGS', 'O204'),
('P1040', 'Shaine', 'Cattini', 'COGS', 'O205'),
('P1001', 'Kathryn', 'Leonard', 'COMP', 'O206'),
('P1003', 'Hsing-Hau', 'Chen', 'COMP', 'O207'),
('P1004', 'Justin', 'Li', 'COMP', 'O208'),
('P1018', 'Irina', 'Rabkina', 'COMP', 'O209'),
('P1010', 'Caroline', 'Heldman', 'CTSJ', 'O306'),
('P1041', 'Raymond', 'Pfleger', 'CTSJ', 'O307'),
('P1042', 'Carmelita', 'Stent', 'CTSJ', 'O308'),
('P1043', 'Davidson', 'Spence', 'CTSJ', 'O309'),
('P1044', 'Wallace', 'Yonnie', 'CTSJ', 'O310'),
('P1002', 'Ann', 'Blythe', 'GEO', 'O111'),
('P1011', 'Christopher', 'Oze', 'GEO', 'O112'),
('P1045', 'Lambert', 'Fike', 'GEO', 'O113'),
('P1046', 'Wallache', 'McNeely', 'GEO', 'O114'),
('P1047', 'Barth', 'Meagher', 'GEO', 'O115'),
('P1005', 'Damian', 'Stocking', 'GERM', 'O400'),
('P1048', 'Reta', 'Towndrow', 'GERM', 'O401'),
('P1049', 'Enrique', 'Vankov', 'GERM', 'O402'),
('P1012', 'Marla', 'Stone', 'HIST', 'O311'),
('P1050', 'Stace', 'Aizlewood', 'HIST', 'O312'),
('P1051', 'Adda', 'Kinghorne', 'HIST', 'O313'),
('P1052', 'Shannan', 'Reddyhoff', 'HIST', 'O314'),
('P1053', 'Ruthann', 'Harvett', 'HIST', 'O315'),
('P1013', 'Michael', 'Shelton', 'LING', 'O403'),
('P1055', 'Tiler', 'Tacey', 'LING', 'O404'),
('P1056', 'Graeme', 'Walthall', 'LING', 'O405'),
('P1057', 'Dre', 'Rushe', 'LING', 'O406'),
('P1058', 'Fleur', 'Orrin', 'LING', 'O407'),
('P1014', 'Allison', 'de Fren', 'MAC', 'O408'),
('P1059', 'Jarib', 'Macguire', 'MAC', 'O409'),
('P1060', 'Finlay', 'Germon', 'MAC', 'O410'),
('P1061', 'Heidi', 'MacPherson', 'MAC', 'O411'),
('P1062', 'Haskel', 'Glasman', 'MAC', 'O412'),
('P1015', 'Jim', 'Brown', 'MATH', 'O210'),
('P1020', 'Alan', 'Knoerr', 'MATH', 'O211'),
('P1021', 'Paul', 'David', 'MATH', 'O212'),
('P1063', 'Avrom', 'Salzburger', 'MATH', 'O213'),
('P1064', 'Tedmund', 'Nickols', 'MATH', 'O214'),
('P1065', 'Ashli', 'Lemon', 'MATH', 'O215'), 
('P1016', 'Clair', 'Morrisey', 'PHIL', 'O413'),
('P1019', 'Tatum', 'Bartosiak', 'PHIL', 'O414'),
('P1066', 'Kimbra', 'Tuerena', 'PHIL', 'O415'),
('P1067', 'Hedy', 'Knock', 'PHIL', 'O500'),
('P1068', 'Arlena', 'Lackemann', 'PHIL', 'O501'),
('P1017', 'Andrew', 'Shtulman', 'PSYC', 'O502'),
('P1069', 'Zared', 'McEvay', 'PSYC', 'O503'),
('P1070', 'Devin', 'Bursnoll', 'PSYC', 'O504'),
('P1071', 'Drake', 'Bell', 'PSYC', 'O505'),
('P1072', 'Josh', 'Peck', 'PSYC', 'O506');

INSERT INTO `Student`
VALUES
('S1001', 'Cathrine', 'Doerr', 'P1003', 'COMP', 'COMP131', 'COMP229', 'PHIL101', 'PHIL231'),
('S1002', 'Enrique', 'Izaac', 'P1022', 'BIO', 'BIO103-2', 'BIO105', 'COMP131-2', 'BIO224'),
('S1003', 'Chandler', 'Woolfitt', 'P1019', 'PHIL', 'PHIL101', 'PHIL231', 'COGS230', 'MAC110'),
('S1004', 'Shae', 'Bolle', 'P1003', 'COMP', 'COMP131-2', 'COMP239', 'COMP229', 'MAC146'),
('S1005', 'Meade', 'McDarmid', 'P1036', 'COGS', 'COGS201-2', 'COGS230', 'COGS265', 'COGS242-2'),
('S1006', 'Fredric', 'Sherebrooke', 'P1026', 'BLST', 'BLST105', 'BLST101', 'BLST110', 'BLST215'),
('S1007', 'Taffy', 'Orhtmann', 'P1046', 'GEO', 'GEO105', 'GEO106', 'BIO103', 'GEO245'),
('S1008', 'Bale', 'Claypoole', 'P1023', 'BIO', 'BIO105-2', 'BIO115', 'BIO224', 'COMP239'),
('S1009', 'Kelsey', 'Hartwell', 'P1050', 'HIST', 'HIST101', 'HIST274', 'HIST205', 'HIST192'),
('S1010', 'Dacia', 'Soot', 'P1018', 'COMP', 'COMP131', 'COMP239', 'COMP229', 'BIO105'),
('S1011', 'Torie', 'Pickrill', 'P1059', 'MAC', 'MAC110', 'MAC146', 'MAC250', 'MAC270'),
('S1012', 'Tracy', 'Ellcock', 'P1036', 'COGS', 'COGS201-2', 'COGS230-2', 'COGS265', 'COGS242-2'),
('S1013', 'Edee', 'Saur', 'P1016', 'PHIL', 'PHIL101', 'PHIL231', 'BIO224', 'COMP131-2'),
('S1014',	'Helaina',	'Ottosen',	'P1031',	'NULL',	'MATH320',	'COMP229-3',	'PHIL150-2',	'BIO103'),
('S1015',	'Petey',	'Connah',	'P1027',	'BLST',	'BLST101',	'BLST207',	'BLST233',	'BLST302'),
('S1016',	'Hadrian',	'Schuricht',	'P1001',	'COMP',	'COMP229',	'COMP131-2',	'COMP146',	'MATH110-3'),
('S1017',	'Vaughn',	'Weinham',	'P1055',	'NULL',	'BIO103',	'CHEM100',	'GEO105',	'MAC210'),
('S1018',	'Blinnie',	'Gibard',	'P1042',	'CTSJ',	'CTSJ100',	'CTSJ102-2',	'CTSJ221',	'CTSJ330'),
('S1019',	'Enos',	'Sonier',	'P1006',	'BIO',	'BIO103-2',	'BIO268',	'BIO224',	'BIO260'),
('S1020',	'Corrie',	'Ysson',	'P1037',	'COGS',	'COGS104-2',	'COGS101-3',	'COGS201',	'COGS220'),
('S1021',	'Chauncey',	'Halfhyde',	'P1055',	'LING',	'LING301-2',	'LING330-2',	'LING351',	'LING350'),
('S1022',	'Blakeley',	'Hallahan',	'P1004',	'COMP',	'COMP131',	'COMP229-2',	'COMP146',	'MATH110-3'),
('S1023',	'Gabey',	'Esch',	'P1031',	'CHEM',	'CHEM100',	'CHEM195',	'CHEM120',	'CTSJ221'),
('S1024',	'Dorian',	'Killock',	'P1026',	'BLST',	'BLST101',	'BLST111',	'BLST215-2',	'BLST302'),
('S1025',	'Kelbee',	'Halso',	'P1046',	'GEO',	'GEO105',	'GEO342',	'GEO395',	'GEO106-2'),
('S1026',	'Tanny',	'Brandenberg',	'P1001',	'COMP',	'COMP131-3',	'COMP229',	'MATH110-3',	'BIO115'),
('S1027',	'Godfree',	'Segges',	'P1050',	'HIST',	'HIST101-3',	'HIST274-2',	'HIST150-2',	'HIST316'),
('S1028',	'Cullan',	'Fulford',	'P1022',	'BIO',	'BIO103-2',	'BIO268',	'BIO260',	'CHEM340'),
('S1029',	'Anette',	'Cofax',	'P1038',	'NULL',	'COMP149',	'BIO103',	'PHIL150-2',	'GEO105'),
('S1030',	'Rosita',	'Newlin',	'P1032',	'CHEM',	'CHEM100',	'COGS101-3',	'CHEM120',	'CHEM195'),
('S1031',	'Javier',	'Pockey',	'P1020',	'MATH',	'MATH214-2',	'MATH210',	'COMP337',	'MATH300'),
('S1032',	'Inness',	'Kainz',	'P1001',	'COMP',	'COMP229-2',	'COMP131-2',	'COMP146',	'MATH110-3'),
('S1033',	'Rosco',	'Vatini',	'P1019',	'PHIL',	'PHIL150-3',	'PHIL360',	'PHIL 242',	'PSYC200'),
('S1034',	'Brandon',	'Iacomo',	'P1069',	'PSYC',	'PSYC200',	'PSYC295',	'PSYC101-3',	'PSYC306'),
('S1035',	'Annnora',	'MacCaughan',	'P1023',	'BIO',	'BIO103-2',	'BIO260',	'CHEM340',	'BLST346'),
('S1036',	'Suki',	'Dyke',	'P1018',	'COMP',	'COMP131-3',	'COMP229-2',	'COMP146',	'BIO115'),
('S1037',	'Ali',	'Stevings',	'P1069',	'PSYC',	'PSYC200',	'PSYC101-3',	'GEO345',	'PSYC295'),
('S1038',	'Ryann',	'Sparshutt',	'P1020',	'MATH',	'MAC270',	'CTSJ295',	'BLST376',	'MATH210'),
('S1039',	'Boonie',	'Jerman',	'P1023',	'BIO',	'BIO224',	'BIO103-2',	'BIO268',	'BIO260'),
('S1040',	'Parke',	'Worsley',	'P1056',	'LING',	'LING301-2',	'LING351',	'LING350',	'LING330-2'),
('S1041',	'Enrichetta',	'Lamping',	'P1016',	'PHIL',	'PHIL231',	'PHIL150-3',	'PHIL360',	'PSYC200'),
('S1042',	'Andrea',	'Himsworth',	'P1026',	'BLST',	'BLST101',	'BLST215-2',	'BLST233',	'BLST302'),
('S1043',	'Rad',	'Deshorts',	'P1001',	'COMP',	'COMP229-2',	'COMP146',	'BIO115',	'COGS220'),
('S1044',	'Kinna',	'Rozanski',	'P1024',	'BIO',	'BIO103-2',	'BIO268',	'BLST346',	'CHEM340'),
('S1045',	'Case',	'Teasey',	'P1042',	'CTSJ',	'CTSJ100',	'CTSJ102-2',	'CTSJ221',	'CTSJ330'),
('S1046',	'Ichabod',	'Tixier',	'P1070',	'PSYC',	'PSYC200-2',	'PSYC200',	'PSYC295',	'GEO345'),
('S1047',	'Marcie',	'Glendining',	'P1018',	'COMP',	'COMP131',	'COMP229',	'COMP146',	'BIO115'),
('S1048',	'Roseline',	'Moodie',	'P1059',	'MAC',	'MAC241',	'MAC210-2',	'MAC270',	'MAC295-2'),
('S1049',	'Nicoline',	'Gillbard',	'P1070',	'PSYC',	'PSYC101-3',	'PSYC295',	'PSYC200',	'GEO345'),
('S1050',	'Rutger',	'Clorley',	'P1017',	'PSYC',	'PSYC101-3',	'PSYC200-2',	'PSYC306',	'PSYC295-2'),
('S1051',	'Farr',	'Snoxall',	'P1001',	'COMP',	'COMP229-2',	'COMP131-2',	'COGS220',	'COGS101-3'),
('S1052',	'Alica',	'Lebrun',	'P1033',	'NULL',	'GEO105',	'MATH320',	'MAC210',	'BLST207'),
('S1053',	'Correna',	'Orton',	'P1017',	'PSYC',	'PSYC200',	'PSYC101-3',	'PSYC295',	'GEO345'),
('S1054',	'Nonah',	'Mil',	'P1018',	'NULL',	'BIO103',	'COMP149',	'GEO105',	'BLST207'),
('S1055',	'Mar',	'Skermer',	'P1014',	'MAC',	'MAC210-2',	'MAC295-2',	'MAC241',	'BLST376'),
('S1056',	'Sybil',	'Scheu',	'P1004',	'COMP',	'COMP131-3',	'COMP229-2',	'COMP146',	'COGS101'),
('S1057',	'Stacy',	'Natte',	'P1020',	'MATH',	'PHIL360',	'MATH210',	'COMP146',	'MATH214-2'),
('S1058',	'Glad',	'Shackelton',	'P1021',	'MATH',	'MATH210',	'COMP337',	'MATH300',	'PHIL360'),
('S1059',	'Stearne',	'Croix',	'P1024',	'BIO',	'BIO103-2',	'BIO268',	'BIO260',	'CHEM340'),
('S1060',	'Basilius',	'Iorns',	'P1024',	'BIO',	'BIO224',	'BIO260',	'CHEM340',	'BIO268'),
('S1061',	'Farlay',	'Gounod',	'P1048',	'NULL',	'CHEM100',	'GEO105',	'MAC210',	'BLST101'),
('S1062',	'Olivier',	'Diaper',	'P1012',	'HIST',	'HIST101-3',	'HIST150-2',	'HIST316',	'HIST274-2'),
('S1063',	'Velma',	'Mantram',	'P1003',	'COMP',	'COMP229-2',	'COMP131-2',	'COMP146',	'COGS101'),
('S1064',	'Waring',	'Tallman',	'P1013',	'LING',	'LING301-2',	'LING351',	'LING330-2',	'LING350'),
('S1065',	'Natasha',	'Foden',	'P1025',	'BIO',	'BIO103-2',	'BIO224',	'BIO268',	'MAC271'),
('S1066',	'Homer',	'Pethybridge',	'P1037',	'COGS',	'COGS101-3',	'COGS220',	'COGS104-2',	'COGS201'),
('S1067',	'Karon',	'Fylan',	'P1042',	'CTSJ',	'CTSJ100',	'CTSJ221',	'CTSJ330',	'HIST121'),
('S1068',	'Tobias',	'Bartunek',	'P1003',	'COMP',	'COMP239-2',	'COMP229',	'COMP146',	'COGS101'),
('S1069',	'Emmalynn',	'Trivett',	'P1017',	'PSYC',	'PSYC101-3',	'PSYC295-2',	'PSYC200-2',	'GEO345'),
('S1070',	'Brenn',	'Espine',	'P1032',	'CHEM',	'CHEM120',	'CHEM195',	'CHEM100',	'HIST192'),
('S1071',	'Rhett',	'Miebes',	'P1045',	'GEO',	'GEO105',	'GEO106-2',	'CTSJ395-2',	'HIST358'),
('S1072',	'Wendi',	'Biskupek',	'P1026',	'NULL',	'CHEM100',	'BIO103',	'PHIL150-2',	'GEO105'),
('S1073',	'Rem',	'McLeese',	'P1004',	'COMP',	'COMP131-3',	'COMP146',	'COGS101',	'COGS220'),
('S1074',	'Milissent',	'Gudgin',	'P1050',	'HIST',	'HIST207-2',	'HIST150-2',	'HIST316',	'HIST101-3'),
('S1075',	'Anallese',	'Arons',	'P1042',	'CTSJ',	'CTSJ100',	'CTSJ330',	'HIST121',	'LING301'),
('S1076',	'Melissa',	'Bennitt',	'P1027',	'NULL',	'COMP229-3',	'PHIL150-2',	'GEO105',	'BLST207'),
('S1077',	'Rafa',	'Orhrt',	'P1028',	'BLST',	'BLST111',	'BLST101',	'BLST207',	'BLST233'),
('S1078',	'Ilaire',	'Strothers',	'P1036',	'COGS',	'COGS104-2',	'COGS101-3',	'COGS201',	'COGS340-2'),
('S1079',	'Andriana',	'Shirlaw',	'P1001',	'COMP',	'COMP131-3',	'COMP229-2',	'COMP239',	'COGS101'),
('S1080',	'Rorie',	'Barthot',	'P1045',	'GEO',	'GEO342',	'GEO395',	'GEO105',	'HIST358'),
('S1081',	'Leigha',	'Wandrack',	'P1033',	'CHEM',	'CHEM120',	'CHEM100',	'CHEM195-2',	'CTSJ221'),
('S1082',	'Hertha',	'Czaja',	'P1025',	'BIO',	'BIO103-2',	'BIO260',	'CHEM340',	'BLST346'),
('S1083',	'Oliviero',	'Mc Gorley',	'P1056',	'NULL',	'CHEM100',	'COMP149',	'GEO245',	'BLST207'),
('S1084',	'Jens',	'Woolnough',	'P1003',	'COMP',	'COMP229-2',	'COMP131-2',	'COMP239-2',	'GEO105'),
('S1085',	'Dacia',	'Jirsa',	'P1056',	'LING',	'LING301-2',	'LING350',	'LING351',	'LING330-2'),
('S1086',	'Janeta',	'Gresswell',	'P1069',	'PSYC',	'PSYC295-2',	'PSYC200',	'PSYC101-3',	'PSYC306'),
('S1087',	'Laetitia',	'Lynds',	'P1006',	'BIO',	'BIO103-2',	'BIO260',	'BIO268',	'MAC271'),
('S1088',	'Buffy',	'Fatharly',	'P1043',	'CTSJ',	'CTSJ100',	'CTSJ102-2',	'CTSJ221',	'CTSJ330'),
('S1089',	'Alexei',	'De Pero',	'P1057',	'LING',	'LING301-2',	'LING350',	'LING351',	'LING330-2'),
('S1090',	'Briny',	'Smither',	'P1001',	'NULL',	'COMP229-3',	'COMP239-2',	'GEO245',	'BLST207'),
('S1091',	'Pamella',	'Heddon',	'P1006',	'BIO',	'BIO224',	'BIO260',	'MAC271',	'BLST346'),
('S1092',	'Tadeo',	'Rummings',	'P1037',	'NULL',	'BIO103',	'CHEM100',	'MAC210',	'BLST207'),
('S1093',	'Dunc',	'Laphorn',	'P1007',	'BLST',	'BLST233',	'BLST101',	'BLST302',	'BLST346'),
('S1094',	'Linnell',	'Hellard',	'P1050',	'HIST',	'HIST207-2',	'HIST101-3',	'HIST316',	'HIST274-2'),
('S1095',	'Nev',	'Diego',	'P1003',	'COMP',	'COMP229',	'COMP146',	'BIO115',	'GEO105'),
('S1096',	'Vernice',	'Mourton',	'P1043',	'CTSJ',	'CTSJ102-2',	'CTSJ330',	'LING301',	'MAC295-2'),
('S1097',	'Mikael',	'Bachelar',	'P1063',	'MATH',	'MATH110-3',	'MATH214-2',	'MATH210',	'COMP337'),
('S1098',	'Ina',	'Warrick',	'P1001',	'COMP',	'COMP131',	'COMP229-2',	'COMP239',	'COMP146'),
('S1099',	'Avigdor',	'Benam',	'P1045',	'GEO',	'CTSJ395-2',	'GEO105',	'HIST358',	'GEO342'),
('S1100',	'Angeli',	'Norcross',	'P1023',	'BIO',	'BIO103-2',	'BIO224',	'BIO260',	'CHEM340'),
('S1101',	'Hanni',	'Murrigans',	'P1063',	'NULL',	'COMP229-3',	'MATH110',	'CHEM100',	'GEO245'),
('S1102',	'Rae',	'Glasper',	'P1036',	'COGS',	'COGS101-3',	'COGS220',	'COGS340-2',	'COGS201'),
('S1103',	'Maxim',	'Cron',	'P1036',	'COGS',	'COGS220',	'COGS201',	'COGS101-3',	'PSYC101-3'),
('S1104',	'Jamima',	'Buckler',	'P1023',	'BIO',	'BIO103-2',	'BIO268',	'BIO260',	'CHEM340'),
('S1105',	'Paxon',	'Kettow',	'P1069',	'PSYC',	'PSYC200-2',	'PSYC101-3',	'PSYC295-2',	'PSYC306'),
('S1106',	'Coriss',	'Warden',	'P1014',	'MAC',	'MAC295-2',	'MAC270',	'MAC210-2',	'BLST376'),
('S1107',	'Horten',	'MacCallum',	'P1038',	'COGS',	'COGS101-3',	'COGS340-2',	'COGS220',	'COGS201'),
('S1108',	'Mohammed',	'Kunat',	'P1003',	'COMP',	'COMP131-3',	'COMP229-3',	'COMP239',	'COMP146'),
('S1109',	'Flynn',	'Wathell',	'P1050',	'NULL',	'PSYC101-2',	'COMP229-2',	'CHEM100',	'GEO245'),
('S1110',	'Valentine',	'Leal',	'P1025',	'BIO',	'BIO268',	'BIO103-2',	'BIO260',	'MAC271'),
('S1111',	'Westbrook',	'Blance',	'P1043',	'CTSJ',	'CTSJ102-2',	'CTSJ221',	'CTSJ330',	'LING301'),
('S1112',	'Sonny',	'Pierrepont',	'P1045',	'GEO',	'GEO105',	'HIST358',	'GEO106-2',	'GERM101'),
('S1113',	'Nicola',	'Gammell',	'P1024',	'BIO',	'BIO224',	'BIO260',	'BIO268',	'CHEM340'),
('S1114',	'Cindie',	'Pennell',	'P1051',	'HIST',	'HIST207-2',	'HIST274-2',	'HIST101-3',	'HIST316'),
('S1115',	'Maureen',	'Crawforth',	'P1003',	'COMP',	'COMP229',	'COMP239',	'COMP146',	'GEO105'),
('S1116',	'Jeanette',	'McGilvary',	'P1057',	'LING',	'LING301-2',	'LING351',	'LING330-2',	'LING350'),
('S1117',	'Kori',	'Holdforth',	'P1026',	'BLST',	'BLST207',	'BLST101',	'BLST215-2',	'BLST233'),
('S1118',	'Imogen',	'Pickup',	'P1051',	'NULL',	'COMP229-3',	'MATH110',	'COMP149',	'BIO103'),
('S1119', 'Kennith',	'Glaum',	'P1023',	'BIO',	'BIO103-2',	'BIO260',	'BIO224',	'MAC271'),
('S1120',	'Killie',	'Monget',	'P1038',	'NULL',	'MAC210',	'BLST207',	'BLST101',	'BLST346'),
('S1121',	'Teodoor',	'Wollrauch',	'P1003',	'COMP',	'COMP131-2',	'COMP229-2',	'COMP146',	'GEO105'),
('S1122',	'Dino',	'Rushe',	'P1063',	'MATH',	'MATH110-3',	'MATH300',	'COMP337',	'MATH210'),
('S1123',	'Onfroi',	'Weed',	'P1067',	'NULL',	'PSYC101-2',	'MATH110',	'BLST101',	'BLST302'),
('S1124',	'Sal',	'Arkil',	'P1043',	'CTSJ',	'CTSJ102-2',	'CTSJ221',	'HIST121',	'LING301'),
('S1125',	'Vanya',	'Marcroft',	'P1057',	'NULL',	'BIO103',	'PHIL150-2',	'GEO245',	'MAC210'),
('S1126',	'Bradley',	'MacTrustey',	'P1001',	'COMP',	'COMP229-2',	'COMP146',	'MATH110-3',	'COGS101'),
('S1127',	'Haroun	Winkworth',	'P1032',	'CHEM',	'CHEM100',	'CHEM120',	'CTSJ221',	'CHEM195'),
('S1128',	'Ferris',	'Huxtable',	'P1060',	'MAC',	'MAC210-2',	'MAC490-2',	'BLST376',	'CTSJ295'),
('S1129',	'Kylila',	'Ditter',	'P1024',	'BIO',	'BIO333',	'BIO224',	'BIO260',	'CHEM340'),
('S1130',	'Denis',	'Isbell',	'P1023',	'BIO',	'BIO224',	'BIO260',	'BIO333',	'MAC271'),
('S1131',	'Madelle',	'Malpass',	'P1004',	'COMP',	'COMP229',	'COMP146',	'GEO105',	'HIST101'),
('S1132',	'Blakeley',	'Bartomieu',	'P1035',	'CHEM',	'CHEM120',	'CHEM195-2',	'CHEM100',	'HIST192'),
('S1133',	'Kirstin',	'Mounce',	'P1045',	'GEO',	'GEO106-2',	'GEO395',	'GEO105',	'CTSJ395-2'),
('S1134',	'Jean',	'Cheverton',	'P1007',	'BLST',	'BLST101',	'BLST233',	'BLST111',	'BLST302'),
('S1135',	'Humbert',	'Roffe',	'P1006',	'BIO',	'BIO268',	'CHEM340',	'MAC271',	'BLST346'),
('S1136',	'Ali',	'Veltman',	'P1018',	'COMP',	'COMP131-3',	'COMP229-2',	'COMP239',	'HIST101'),
('S1137',	'Pincus',	'Sharpley',	'P1044',	'CTSJ',	'CTSJ100',	'CTSJ330',	'HIST121',	'LING301'),
('S1138',	'Kiel',	'Ferry',	'P1036',	'COGS',	'COGS101-3',	'COGS220',	'COGS340-2',	'COGS104-2'),
('S1139',	'Buddie',	'Margett',	'P1009',	'COGS',	'COGS104-2',	'COGS201',	'COGS101-3',	'COGS340-2'),
('S1140',	'Godard',	'Origan',	'P1060',	'MAC',	'BLST376',	'MAC210-2',	'MAC490-2',	'MAC241'),
('S1141',	'Eduino',	'Furzey',	'P1006',	'BIO',	'BIO103-2',	'BIO333',	'BIO268',	'BIO260'),
('S1142',	'Emlyn',	'Ethington',	'P1011',	'GEO',	'GEO342',	'GEO105',	'HIST358',	'GERM101'),
('S1143',	'Constantia',	'Ioan',	'P1035',	'NULL',	'COMP229-3',	'COMP239',	'HIST101',	'COGS220'),
('S1144',	'Avis',	'Crook',	'P1044',	'CTSJ',	'CTSJ102-2',	'CTSJ221',	'LING301',	'MAC295-2'),
('S1145',	'Harli',	'Skechley',	'P1048',	'GERM',	'GERM101',	'GERM151',	'GERM202',	'GERM318'),
('S1146',	'Jada',	'Aleksandrev',	'P1003',	'COMP',	'COMP146',	'COMP229-2',	'HIST101',	'COGS101'),
('S1147',	'Tessy',	'Nitti',	'P1051',	'HIST',	'HIST207-2',	'HIST101-3',	'HIST316',	'HIST274-2'),
('S1148',	'Suzie',	'Palley',	'P1037',	'COGS',	'COGS104-2',	'COGS101-3',	'COGS220',	'COGS201'),
('S1149',	'Alexander',	'Ridsdell',	'P1007',	'BLST',	'BLST101',	'BLST302',	'BLST346',	'BLST215'),
('S1150',	'Nilson',	'Hince',	'P1033',	'CHEM',	'CHEM100',	'CTSJ221',	'CHEM195-2',	'HIST192'),
('S1151',	'Benetta',	'Knowler',	'P1018',	'COMP',	'COMP131-2',	'HIST101',	'COGS101',	'COGS220'),
('S1152',	'Madelle',	'Klus',	'P1045',	'GEO',	'CTSJ395-2',	'GEO105',	'GEO342',	'BLST309'),
('S1153',	'Land',	'Nornable',	'P1057',	'LING',	'LING301-2',	'LING350',	'LING330-2',	'LING351'),
('S1154',	'Arnaldo',	'Laydon',	'P1006',	'BIO',	'BIO103-2',	'BIO224',	'BIO268',	'BIO260'),
('S1155',	'Beverley',	'Kingcote',	'P1049',	'GERM',	'GERM202',	'GERM151',	'GERM318',	'GERM101'),
('S1156',	'Lorita',	'Garrioch',	'P1004',	'COMP',	'COMP239',	'COMP146',	'HIST101',	'COGS101'),
('S1157',	'Carlen',	'Dinse',	'P1042',	'NULL',	'MATH110',	'COMP239-2',	'PHIL150-2',	'PSYC101-2'),
('S1158',	'Standford',	'Pickover',	'P1011',	'GEO',	'GEO105',	'GEO395',	'BLST309',	'GEO342'),
('S1159',	'Katerine',	'Treasaden',	'P1001',	'COMP',	'COMP239',	'COMP146',	'MATH110-3',	'HIST101'),
('S1160',	'Grethel',	'Seaward',	'P1044',	'CTSJ',	'CTSJ100',	'CTSJ102-2',	'HIST121',	'LING301'),
('S1161',	'Almeda',	'Grent',	'P1064',	'MATH',	'MATH210',	'MATH110-3',	'MATH300',	'MATH214-2'),
('S1162',	'Thaxter',	'Armall',	'P1003',	'COMP',	'COMP131-3',	'COMP229-2',	'MATH110-3',	'COGS101'),
('S1163',	'Barri',	'Spofford',	'P1005',	'GERM',	'GERM101',	'GERM202',	'GERM151',	'GERM318'),
('S1164',	'Robers',	'Aiskrigg',	'P1033',	'CHEM',	'CHEM195',	'CHEM100',	'COGS101-3',	'LING351'),
('S1165',	'Cissy',	'Meadows',	'P1006',	'BIO',	'BIO103-2',	'BIO268',	'BIO224',	'BIO333'),
('S1166',	'Guss',	'Spincks',	'P1050',	'HIST',	'HIST101-3',	'HIST274-2',	'HIST207-2',	'HIST316'),
('S1167',	'Rubina',	'McInteer',	'P1007',	'BLST',	'BLST111',	'BLST101',	'BLST215-2',	'BLST302'),
('S1168',	'Florinda',	'Boschmann',	'P1061',	'MAC',	'MAC241',	'MAC210-2',	'MAC295-2',	'MAC270'),
('S1169',	'Nathanael',	'Cothey',	'P1018',	'COMP',	'COMP229-3',	'GEO395',	'COMP146',	'HIST101'),
('S1170',	'Liz',	'Blasl',	'P1046',	'GEO',	'GEO106-2',	'BLST309',	'GEO105',	'HIST358'),
('S1171',	'Toby',	'Figgs',	'P1005',	'NULL',	'COMP239-2',	'MATH110',	'PHIL150-2',	'PSYC101-2'),
('S1172',	'Aggi',	'Shacklady',	'P1041',	'CTSJ',	'CTSJ100',	'CTSJ221',	'HIST121',	'LING301'),
('S1173',	'Renado',	'Larkin',	'P1069',	'PSYC',	'PSYC101-3',	'PSYC295',	'PSYC200',	'PSYC306'),
('S1174',	'Dorene',	'Crat',	'P1018',	'COMP',	'COMP131-2',	'COMP229-2',	'MATH110-3',	'HIST101'),
('S1175',	'Nat',	'Vouls',	'P1032',	'CHEM',	'CHEM100',	'CHEM195-2',	'COGS101-3',	'HIST192'),
('S1176',	'Elisha',	'Rallinshaw',	'P1016',	'PHIL',	'PHIL360',	'PHIL150-3',	'PHIL231',	'PHIL 242'),
('S1177',	'Salome',	'Gleeton',	'P1044',	'CTSJ',	'CTSJ102-2',	'CTSJ221',	'CTSJ330',	'LING301'),
('S1178',	'Kliment',	'Keyte',	'P1045',	'GEO',	'GEO105',	'HIST358',	'GEO395',	'GERM101'),
('S1179',	'Howie',	'Dawe',	'P1018',	'COMP',	'COMP131-3',	'COMP229-3',	'COMP239-2',	'COMP146'),
('S1180',	'Brien',	'Malamore',	'P1032',	'CHEM',	'CHEM120',	'CHEM100',	'HIST192',	'CHEM195-2'),
('S1181',	'Amitie',	'Puxley',	'P1005',	'GERM',	'GERM151',	'GERM101',	'GERM318',	'GERM202'),
('S1182',	'Odie',	'Muirhead',	'P1006',	'BIO',	'BIO224',	'BIO268',	'BIO333',	'CHEM340'),
('S1183',	'Durand',	'Dionisii',	'P1043',	'CTSJ',	'CTSJ100',	'CTSJ221',	'HIST121',	'LING301'),
('S1184',	'Alec',	'Garcia',	'P1007',	'BLST',	'BLST101',	'BLST207',	'BLST233',	'BLST302'),
('S1185',	'Boone',	'Vanyushkin',	'P1021',	'MATH',	'MATH210',	'MATH300',	'MATH110-3',	'COMP337'),
('S1186',	'Sonja',	'Durbyn',	'P1022',	'BIO',	'BIO268',	'BIO224',	'CHEM340',	'MAC271'),
('S1187',	'Maible',	'Kienle',	'P1012',	'HIST',	'HIST207-2',	'HIST101-3',	'HIST316',	'HIST274-2'),
('S1188',	'Selby',	'Wogdon',	'P1018',	'COMP',	'COMP131-3',	'COMP229-2',	'COMP146',	'HIST101'),
('S1189',	'Barnaby',	'Lampaert',	'P1001',	'COMP',	'COMP229-3',	'COMP239-2',	'COMP146',	'COGS101'),
('S1190',	'Natala',	'Pranger',	'P1047',	'GEO',	'GEO106-2',	'HIST358',	'GEO105',	'BLST309'),
('S1191',	'Ned',	'Spriddle',	'P1038',	'COGS',	'COGS101-3',	'COGS201',	'COGS220',	'COGS340-2'),
('S1192',	'Newton',	'Ezzell',	'P1032',	'CHEM',	'CHEM100',	'CHEM195-2',	'CHEM120',	'CTSJ221'),
('S1193',	'Joe',	'Lawman',	'P1042',	'CTSJ',	'CTSJ100',	'CTSJ221',	'CTSJ330',	'HIST121'),
('S1194',	'Urbanus',	'Castle',	'P1003',	'COMP',	'COMP131',	'COMP229-2',	'COMP239',	'MATH110-3'),
('S1195',	'Stacy',	'Kivlin',	'P1060',	'NULL',	'PSYC101-2',	'MATH110',	'BIO103',	'GEO245'),
('S1196',	'Adair',	'Spain',	'P1062',	'MAC',	'MAC210-2',	'BLST376',	'MAC241',	'MAC295-2'),
('S1197',	'Vickie',	'Bernhard',	'P1069',	'PSYC',	'PSYC101-3',	'PSYC200-2',	'PSYC306',	'PSYC295'),
('S1198',	'Conney',	'Giblin',	'P1037',	'COGS',	'COGS220',	'COGS101-3',	'PSYC101-3',	'COGS340-2'),
('S1199',	'Domini',	'Dearsley',	'P1036',	'COGS',	'COGS101-3',	'COGS201',	'COGS340-2',	'COGS220'),
('S1200',	'Elle',	'Brechin',	'P1009',	'PHIL',	'PHIL360',	'PHIL 242',	'PHIL150-3',	'PHIL231'),
('S1201',	'Aurthur',	'Monkman',	'P1018',	'COMP',	'COMP131-3',	'COMP229-3',	'COMP146',	'MATH110-3'),
('S1202',	'Karlotta',	'Barrick',	'P1049',	'GERM',	'GERM151',	'GERM101',	'GERM202',	'GERM318'),
('S1203',	'Orly',	'Ivatt',	'P1058',	'LING',	'LING301-2',	'LING351',	'LING350',	'LING330-2'),
('S1204',	'Claiborne',	'Gimert',	'P1019',	'PHIL',	'PHIL150-3',	'PHIL231',	'PHIL360',	'PSYC200'),
('S1205',	'Karl',	'Hawket',	'P1002',	'GEO',	'GEO105',	'GEO395',	'GEO106-2',	'BLST309'),
('S1206',	'Dennis',	'Sigge',	'P1001',	'COMP',	'COMP229',	'COMP239',	'COMP146',	'MATH110-3'),
('S1207',	'Marlo',	'Jellis',	'P1031',	'CHEM',	'CHEM195',	'CHEM100',	'HIST192',	'CHEM120'),
('S1208',	'Burtie',	'Pavlenkov',	'P1036',	'NULL',	'MATH320',	'PSYC101-2',	'CHEM100',	'GEO245'),
('S1209',	'Sanford',	'Alexandrou',	'P1007',	'BLST',	'BLST101',	'BLST111',	'BLST215-2',	'BLST302'),
('S1210',	'Dawn',	'Elphick',	'P1041',	'NULL',	'PHIL150-2',	'BIO103',	'MATH320',	'CHEM100'),
('S1211',	'Arlan',	'Proom',	'P1053',	'HIST',	'HIST101-3',	'HIST274-2',	'HIST207-2',	'HIST316'),
('S1212',	'Neil',	'Battram',	'P1018',	'COMP',	'COMP131-3',	'COMP229-2',	'MATH110-3',	'HIST101'),
('S1213',	'Verney',	'Dunaway',	'P1031',	'NULL',	'COMP229-3',	'PSYC101-2',	'MATH110',	'CHEM100'),
('S1214',	'Fidelio',	'Mathy',	'P1008',	'CHEM',	'CHEM120',	'CHEM195-2',	'CHEM100',	'HIST192'),
('S1215',	'Preston',	'Avo',	'P1022',	'BIO',	'BIO103-2',	'BIO224',	'BIO333',	'BIO268'),
('S1216',	'Greta',	'Manueli',	'P1013',	'LING',	'LING301-2',	'LING350',	'LING330-2',	'LING351'),
('S1217',	'Carlen',	'Laurenzi',	'P1047',	'GEO',	'GEO106-2',	'GEO105',	'GEO395',	'BLST309'),
('S1218',	'Nate',	'Manz',	'P1021',	'COMP',	'COMP131',	'COMP229',	'COMP239-2',	'MATH110-3'),
('S1219',	'Ginnie',	'Dessent',	'P1010',	'CTSJ',	'CTSJ100',	'CTSJ221',	'HIST121',	'LING301'),
('S1220', 'Dario',	'Goude',	'P1005',	'GERM',	'GERM101',	'GERM202',	'GERM151',	'GERM318'),
('S1221',	'Irvin',	'Hallaways',	'P1006',	'BIO',	'BIO224',	'BIO333',	'BIO268',	'CHEM340'),
('S1222',	'Reggie',	'Laffin',	'P1058',	'LING',	'LING301-2',	'LING351',	'LING350',	'LING330-2'),
('S1223',	'Jamey',	'Aronstein',	'P1018',	'COMP',	'COMP131-3',	'COMP229-3',	'COMP146',	'MATH110-3'),
('S1224',	'Celka', 'Odams',	'P1008',	'CHEM',	'CHEM100',	'CHEM195-2',	'CHEM120',	'HIST192'),
('S1225',	'Jaquenetta',	'Gleadhall',	'P1041',	'CTSJ',	'CTSJ100',	'CTSJ102-2',	'CTSJ221',	'CTSJ330'),
('S1226',	'Nichole',	'Applegarth',	'P1001',	'COMP',	'COMP131',	'COMP229',	'COMP239-2',	'COMP146'),
('S1227',	'Yetty',	'Ayris',	'P1031',	'CHEM',	'CHEM120',	'CHEM100',	'CTSJ221',	'CHEM195'),
('S1228',	'Marie-ann',	'Scargill',	'P1022',	'BIO',	'BIO103-2',	'BIO333',	'CHEM340',	'BIO268'),
('S1229',	'Gwenore',	'Coultar',	'P1007',	'BLST',	'BLST101',	'BLST111',	'BLST207',	'BLST215-2'),
('S1230',	'Mame',	'Joslyn',	'P1001',	'COMP',	'COMP149',	'COMP390',	'COMP373',	'COMP337'),
('S1231',	'Nerita',	'Wilkisson',	'P1004',	'COMP',	'COMP131-3',	'COMP229-2',	'COMP239',	'COMP490-2'),
('S1232',	'Shelden',	'Lowes',	'P1018',	'COMP',	'COMP373',	'COMP490-2',	'COMP319',	'COMP371'),
('S1233',	'Joanne',	'Chew',	'P1018',	'COMP',	'COMP149',	'COMP239',	'COMP337',	'COMP490-2'),
('S1234',	'Cori',	'Scarlin',	'P1001',	'COMP',	'COMP390',	'COMP371',	'COMP319',	'COMP337'),
('S1235',	'Samaria',	'Dutnall',	'P1018',	'COMP',	'COMP131-3',	'COMP149',	'COMP239',	'COMP325'),
('S1236',	'Bonni',	'Dunne',	'P1004',	'COMP',	'COMP319',	'COMP371',	'COMP373',	'COMP337'),
('S1237',	'Oralie',	'Walkinshaw',	'P1018',	'COMP',	'COMP131-3',	'COMP229-2',	'COMP390',	'COMP325'),
('S1238',	'Selma',	'Arenson',	'P1004',	'COMP',	'COMP149',	'COMP490-2',	'COMP319',	'COMP325'),
('S1239',	'Jaine',	'Sprouls',	'P1003',	'COMP',	'COMP373',	'COMP319',	'COMP325',	'COMP337'),
('S1240',	'Aubry',	'Tourle',	'P1001',	'COMP',	'COMP337',	'COMP325',	'COMP373',	'COMP146'),
('S1241',	'Hendrik',	'MacFayden',	'P1018',	'COMP',	'COMP131-3',	'COMP239',	'COMP371',	'COMP325'),
('S1242',	'Cally',	'Shouler',	'P1004',	'COMP',	'COMP337',	'COMP319',	'COMP390',	'COMP373'),
('S1243',	'Brandy',	'Sweetmore',	'P1001',	'COMP',	'COMP373',	'COMP149',	'COMP325',	'COMP490-2'),
('S1244',	'Ber',	'Dorton',	'P1018',	'COMP',	'COMP371',	'COMP319',	'COMP490-2',	'COMP325'),
('S1245',	'Munmro',	'Broadfield',	'P1003',	'COMP',	'COMP390',	'COMP337',	'COMP325',	'COMP319'),
('S1246',	'Jakob',	'McKinnon',	'P1018',	'COMP',	'COMP131-3',	'COMP149',	'COMP229-2',	'COMP325'),
('S1247',	'Darrick',	'Barbisch',	'P1004',	'COMP',	'COMP373',	'COMP319',	'COMP490-2',	'COMP337'),
('S1248',	'Katee',	'Cattellion',	'P1003',	'COMP',	'COMP319',	'COMP149',	'COMP373',	'COMP239'),
('S1249',	'Gannon',	'Arton',	'P1001',	'COMP',	'COMP390',	'COMP373',	'COMP337',	'COMP149'),
('S1250',	'Mable',	'Sarjent',	'P1018',	'COMP',	'COMP131-3',	'COMP239',	'COMP325',	'COMP371'),
('S1251',	'Marti',	'Gregg',	'P1004',	'COMP',	'COMP371',	'COMP319',	'COMP337',	'COMP149'),
('S1252',	'Thom',	'Brokenbrow',	'P1001',	'COMP',	'COMP373',	'COMP149',	'COMP390',	'COMP319'),
('S1253',	'Cam',	'Shelborne',	'P1003',	'COMP',	'COMP490-2',	'COMP371',	'COMP373',	'COMP325'),
('S1254',	'Etty',	'Andrejs',	'P1018',	'COMP',	'COMP131-3',	'COMP229-2',	'COMP390',	'COMP371'),
('S1255',	'Laird',	'Dominighi',	'P1001',	'COMP',	'COMP319',	'COMP149',	'COMP337',	'COMP490-2'),
('S1256',	'Skipp',	'Ackenhead',	'P1018',	'COMP',	'COMP373',	'COMP390',	'COMP319',	'COMP325'),
('S1257',	'Ruddy',	'ducarme',	'P1004',	'COMP',	'COMP371',	'COMP149',	'COMP373',	'COMP325'),
('S1258',	'Blythe',	'Backman',	'P1001',	'COMP',	'COMP373',	'COMP390',	'COMP371',	'COMP319'),
('S1259',	'Rosy',	'Corss',	'P1004',	'COMP',	'COMP131-3',	'COMP149',	'COMP239',	'COMP325'),
('S1260',	'Zonda',	'Marti',	'P1001',	'COMP',	'COMP390',	'COMP337',	'COMP319',	'COMP325'),
('S1261',	'Lorelei',	'Dunbobin',	'P1018',	'COMP',	'COMP371',	'COMP319',	'COMP149',	'COMP390'),
('S1262',	'Sherilyn',	'Kepling',	'P1003',	'COMP',	'COMP149',	'COMP239',	'COMP490-2',	'COMP325'),
('S1263',	'Iris',	'Rawes',	'P1003',	'COMP',	'COMP325',	'COMP319',	'COMP373',	'COMP371'),
('S1264',	'Milo',	'Robertazzi',	'P1004',	'COMP',	'COMP319',	'COMP337',	'COMP149',	'COMP390'),
('S1265',	'Suzann',	'Kalderon',	'P1001',	'COMP',	'COMP371',	'COMP390',	'COMP325',	'COMP239'),
('S1266',	'Annadiana',	'Le Grice',	'P1018',	'COMP',	'COMP131-3',	'COMP229-2',	'COMP337',	'COMP325'),
('S1267',	'Marcello',	'Chawkley',	'P1004',	'COMP',	'COMP490-2',	'COMP371',	'COMP373',	'COMP319'),
('S1268',	'Chelsea',	'Farnsworth',	'P1003',	'COMP',	'COMP149',	'COMP319',	'COMP390',	'COMP325'),
('S1269',	'Emili',	'Tucker',	'P1018',	'COMP',	'COMP371',	'COMP319',	'COMP149',	'COMP373'),
('S1270',	'Dyanna',	'Dixcee',	'P1001',	'COMP',	'COMP131-3',	'COMP325',	'COMP371',	'COMP390'),
('S1271',	'Arman',	'Allcroft',	'P1004',	'COMP',	'COMP337',	'COMP373',	'COMP490-2',	'COMP371'),
('S1272',	'Lettie',	'Emmison',	'P1003',	'COMP',	'COMP149',	'COMP390',	'COMP239',	'COMP319'),
('S1273',	'Vernon',	'Fouch',	'P1004',	'COMP',	'COMP390',	'COMP149',	'COMP319',	'COMP325'),
('S1274',	'Selia',	'Calendar',	'P1001',	'COMP',	'COMP146-2',	'COMP490-2',	'COMP325',	'COMP149'),
('S1275',	'Julieta',	'Ornils',	'P1001',	'COMP',	'COMP131-3',	'COMP371',	'COMP373',	'COMP325'),
('S1276',	'Frannie',	'Foale',	'P1001',	'COMP',	'COMP325',	'COMP319',	'COMP337',	'COMP373'),
('S1277',	'Dehlia',	'Cordeau]',	'P1018',	'COMP',	'COMP319',	'COMP239',	'COMP390',	'COMP325'),
('S1278',	'Enriqueta',	'Casley',	'P1003',	'COMP',	'COMP149',	'COMP319',	'COMP371',	'COMP325'),
('S1279',	'Shaine',	'Carragher',	'P1018',	'COMP',	'COMP490-2',	'COMP373',	'COMP371',	'COMP239'),
('S1280',	'Christye',	'Cutbirth',	'P1003',	'COMP',	'COMP131-3',	'COMP337',	'COMP390',	'COMP149'),
('S1281',	'Edin',	'Theunissen',	'P1018',	'COMP',	'COMP371',	'COMP149',	'COMP319',	'COMP325'),
('S1282',	'Teodoro',	'Vivash',	'P1001',	'COMP',	'COMP319',	'COMP337',	'COMP239',	'COMP371'),
('S1283',	'Agnella',	'Simmank',	'P1003',	'COMP',	'COMP131-3',	'COMP390',	'COMP337',	'COMP373'),
('S1284',	'Truman',	'Minchell',	'P1018',	'COMP',	'COMP319',	'COMP239',	'COMP149',	'COMP490-2'),
('S1285',	'Madlen',	'Jeandillou',	'P1003',	'COMP',	'COMP131-3',	'COMP373',	'COMP390',	'COMP337'),
('S1286',	'Ailis',	'Beeson',	'P1020',	'MATH',	'MATH210-2',	'MATH370',	'MATH110-2',	'MATH400'),
('S1287',	'Kaitlyn',	'Scully',	'P1063',	'MATH',	'MATH110-3',	'MATH300',	'MATH370',	'MATH320'),
('S1288',	'Tasia',	'Baldoni',	'P1064',	'MATH',	'MATH300',	'MATH110-2',	'MATH370',	'MATH210-2'),
('S1289',	'Antone',	'Dreakin',	'P1020',	'MATH',	'MATH210-2',	'MATH370',	'MATH300',	'MATH110-2'),
('S1290',	'Blanch',	'Hargate',	'P1065',	'MATH',	'MATH362',	'MATH110-3',	'MATH320',	'MATH400'),
('S1291',	'Teodoro',	'Wakley',	'P1015',	'MATH',	'MATH210-2',	'MATH110-2',	'MATH300',	'MATH320'),
('S1292',	'Kevin',	'Yansons',	'P1063',	'MATH',	'MATH110-2',	'MATH370',	'MATH210-2',	'MATH400'),
('S1293',	'Martelle',	'Riggs',	'P1065',	'MATH',	'MATH110-3',	'MATH400',	'MATH370',	'MATH320'),
('S1294',	'Corrinne',	'Lynde',	'P1015',	'MATH',	'MATH300',	'MATH320',	'MATH110-3',	'MATH362'),
('S1295',	'Patty',	'Bowery',	'P1020',	'MATH',	'MATH400',	'MATH110-2',	'MATH320',	'MATH370'),
('S1296',	'Byran',	'Openshaw',	'P1063',	'MATH',	'MATH362',	'MATH300',	'MATH210-2',	'MATH110-2'),
('S1297',	'Valdemar',	'Malter',	'P1015',	'MATH',	'MATH110-3',	'MATH400',	'MATH320',	'MATH370'),
('S1298',	'Zonda',	'Worgan',	'P1021',	'MATH',	'MATH362',	'MATH370',	'MATH110-3',	'MATH300'),
('S1299',	'Chic',	'Lukash',	'P1020',	'MATH',	'MATH110-2',	'MATH210-2',	'MATH300',	'MATH320'),
('S1300',	'Dominique',	'Espinay',	'P1065',	'MATH',	'MATH320',	'MATH110-2',	'MATH210-2',	'MATH362'),
('S1301',	'Mortie',	'MacDermot',	'P1021',	'MATH',	'MATH370',	'MATH300',	'MATH320',	'MATH110-2'),
('S1302',	'Rosemonde',	'Norrey',	'P1015',	'MATH',	'MATH210-2',	'MATH320',	'MATH110-2',	'MATH400'),
('S1303',	'Elsi',	'Dolman',	'P1063',	'MATH',	'MATH110-3',	'MATH300',	'COMP146-2',	'MATH320'),
('S1304',	'Neddy',	'MacCague',	'P1020',	'MATH',	'MATH370',	'MATH110-2',	'MATH210-2',	'MATH400'),
('S1305',	'Cate',	'Blomfield',	'P1015',	'MATH',	'MATH300',	'MATH320',	'MATH110-3',	'MATH362'),
('S1306',	'Lilas',	'Cassley',	'P1064',	'MATH',	'MATH320',	'MATH370',	'MATH362',	'MATH400'),
('S1307',	'Analiese',	'Benny',	'P1020',	'MATH',	'MATH300',	'MATH210-2',	'MATH320',	'MATH110-2'),
('S1308',	'Fraser',	'Blewis',	'P1065',	'MATH',	'MATH110-3',	'MATH400',	'MATH362',	'MATH370'),
('S1309',	'Sholom',	'Ciobutaro',	'P1021',	'MATH',	'MATH400',	'MATH320',	'MATH370',	'COMP146-2'),
('S1310',	'Deonne',	'Salvati',	'P1015',	'MATH',	'MATH110-2',	'MATH210-2',	'MATH320',	'MATH300'),
('S1311',	'Ethelin',	'Zettoi',	'P1065',	'MATH',	'MATH400',	'MATH362',	'MATH110-2',	'MATH210-2'),
('S1312',	'Eadith',	'Danielski',	'P1064',	'MATH',	'MATH362',	'MATH400',	'MATH370',	'MATH320'),
('S1313',	'Ianthe',	'Northcott',	'P1020',	'MATH',	'MATH110-2',	'MATH210-2',	'MATH362',	'MATH400'),
('S1314',	'Marthe',	'Cogan',	'P1021',	'MATH',	'MATH400',	'MATH362',	'MATH110-2',	'MATH210-2'),
('S1315',	'Sybille',	'Barlas',	'P1015',	'MATH',	'MATH210-2',	'MATH110-2',	'MATH370',	'MATH400'),
('S1316',	'Melamie',	'Vardon',	'P1019',	'PHIL',	'PHIL360',	'PHIL350',	'PHIL490',	'PHIL344'),
('S1317',	'Rubetta',	'Copperwaite',	'P1066',	'PHIL',	'PHIL150-3',	'PHIL231',	'PHIL360',	'PHIL490'),
('S1318',	'Veronique',	'Bover',	'P1016',	'PHIL',	'PHIL360',	'PHIL344',	'PHIL231',	'PHIL350'),
('S1319',	'Delora',	'McIlvaney',	'P1067',	'PHIL',	'PHIL150-3',	'PHIL490',	'PHIL 242-2',	'PHIL350'),
('S1320',	'Field',	'Capelow',	'P1016',	'PHIL',	'PHIL360',	'PHIL231',	'PHIL350',	'PHIL321'),
('S1321',	'Rube',	'Garrity',	'P1067',	'PHIL',	'PHIL 242-2',	'PHIL350',	'PHIL231',	'PHIL321'),
('S1322',	'Veradis',	'Halesworth',	'P1019',	'PHIL',	'PHIL150-3',	'PHIL231',	'PHIL360',	'PHIL490'),
('S1323',	'Tabitha',	'Gentile',	'P1068',	'PHIL',	'PHIL 242-2',	'PHIL150-3',	'PHIL350',	'PHIL231'),
('S1324',	'Jakob',	'Hulburt',	'P1016',	'PHIL',	'PHIL490',	'PHIL 242-2',	'PHIL344',	'PHIL350'),
('S1325',	'Colin',	'Mold',	'P1066',	'PHIL',	'PHIL350',	'PHIL150-3',	'PHIL231',	'PHIL 242-2'),
('S1326',	'Becki',	'Crush',	'P1067',	'PHIL',	'PHIL231',	'PHIL490',	'PHIL360',	'PHIL150-3'),
('S1327',	'Una',	'McArdle',	'P1068',	'PHIL',	'PHIL350',	'PHIL 242-2',	'PHIL344',	'PHIL350'),
('S1328',	'Newton',	'Sleith',	'P1016',	'PHIL',	'PHIL490',	'PHIL150-3',	'PHIL360',	'PHIL231'),
('S1329',	'Viola',	'Staves',	'P1019',	'PHIL',	'PHIL350',	'PHIL490',	'PHIL344',	'PHIL360'),
('S1330',	'Domenico',	'Harnetty',	'P1016',	'PHIL',	'PHIL150-3',	'PHIL360',	'PHIL231',	'PHIL321'),
('S1331',	'Torre',	'Perris',	'P1067',	'PHIL',	'PHIL350',	'PHIL 242-2',	'PHIL150-3',	'PHIL490'),
('S1332',	'Pebrook',	'Miners',	'P1016',	'PHIL',	'PHIL150-3',	'PHIL231',	'PHIL360',	'PHIL321'),
('S1333',	'Gabbi',	'Caulkett',	'P1068',	'PHIL',	'PHIL350',	'PHIL490',	'PHIL360',	'PHIL150-3'),
('S1334',	'Lillis',	'Hugnot',	'P1019',	'PHIL',	'PHIL 242-2',	'PHIL350',	'PHIL344',	'PHIL231'),
('S1335',	'Viole',	'Overstreet',	'P1016',	'PHIL',	'PHIL150-3',	'PHIL350',	'PHIL490',	'PHIL360'),
('S1336',	'Ramona',	'Cruickshank',	'P1019',	'PHIL',	'PHIL344',	'PHIL 242-2',	'PHIL350',	'PHIL231'),
('S1337',	'Lock',	'Byrd',	'P1016',	'PHIL',	'PHIL360',	'PHIL231',	'PHIL150-3',	'PHIL321'),
('S1338',	'Zaccaria',	'Vossing',	'P1066',	'PHIL',	'PHIL344',	'PHIL350',	'PHIL231',	'PHIL360'),
('S1339',	'Pete',	'Ginman',	'P1019',	'PHIL',	'PHIL150-3',	'PHIL 242-2',	'PHIL321',	'PHIL231'),
('S1340',	'Burlie',	'Woller',	'P1016',	'PHIL',	'PHIL490',	'PHIL360',	'PHIL150-3',	'PHIL231'),
('S1341',	'Hermie',	'Sindle',	'P1067',	'PHIL',	'PHIL321',	'PHIL344',	'PHIL231',	'PHIL360'),
('S1342',	'Starr',	'Porcas',	'P1066',	'PHIL',	'PHIL150-3',	'PHIL350',	'PHIL 242-2',	'PHIL231'),
('S1343',	'Eberto',	'Ziemen',	'P1019',	'PHIL',	'PHIL360',	'PHIL231',	'PHIL150-3',	'PHIL321'),
('S1344',	'Rozanna',	'Dockery',	'P1068',	'PHIL',	'PHIL231',	'PHIL150-3',	'PHIL 242-2',	'PHIL321'),
('S1345',	'Abie',	'Charnock',	'P1016',	'PHIL',	'PHIL350',	'PHIL 242-2',	'PHIL231',	'PHIL150-3'),
('S1346',	'Ole',	'Leeman',	'P1067',	'PHIL',	'PHIL 242-2',	'PHIL150-3',	'PHIL490',	'PHIL321'),
('S1347',	'Miltie',	'Athey',	'P1066',	'PHIL',	'PHIL150-3',	'PHIL231',	'PHIL321',	'PHIL360'),
('S1348',	'Elizabet',	'Hellier',	'P1016',	'PHIL',	'PHIL490',	'PHIL 242-2',	'PHIL150-3',	'PHIL321'),
('S1349',	'Nonie',	'Binns',	'P1019',	'PHIL',	'PHIL150-3',	'PHIL350',	'PHIL490',	'PHIL 242-2'),
('S1350',	'Olga',	'Lowcock',	'P1016',	'PHIL',	'PHIL490',	'PHIL350',	'PHIL344',	'PHIL360');


INSERT INTO `Course`
VALUES
('COMP131','Intro to Computer Science', 'COMP', 4, 'P1003', 'MWF 11:00-11:45', 'F100', 24, 'Computer science is about the organization of information and the design of processes that use it. This course teaches students to think computationally, how to break processes down into components that can be then fully described, and to acquire other habits necessary for a computer scientist.'),
('COMP131-2','Intro to Computer Science', 'COMP', 4, 'P1004', 'MWF 9:45-10:30', 'F101', 22, 'Computer science is about the organization of information and the design of processes that use it. This course teaches students to think computationally, how to break processes down into components that can be then fully described, and to acquire other habits necessary for a computer scientist.'),
('COMP131-3',	'Intro to Computer Science',	'COMP',	4,	'P1020',	'MWF 1:30-2:15',	'F102',	28,	'Computer science is about the organization of information and the design of processes that use it. This course teaches students to think computationally, how to break processes down into components that can be then fully described, and to acquire other habits necessary for a computer scientist. Students should come out able to write simple but complete programs of their choosing, and should also be able to diagnose problems in unfamiliar programs.'),
('COMP229','Data Structures', 'COMP', 4, 'P1018', 'MWF 11:00-11:45', 'F103', 26, 'We begin with topics found in advanced programming. In particular, topics from Object Oriented programming and how this differs from Procedural Programming. We then move on to the study of dynamic data structures, such as Linked Lists, Stacks, Queues, Trees, Heaps, Graphs, Hash tables, Sets and more.'),
('COMP239','Computer Organization', 'COMP', 4, 'P1021', 'MWF 11:00-11:45', 'F106', 29, 'This course covers the basics of how a computer works, focusing especially on the hardware-software interface. Students will learn about the limitations of the physical computer, and that it may not be possible to ignore the lower-level hardware when designing efficient software. Students will learn to implement programs in Assembly language and C/C++.'),
('COMP325','Topics in AI', 'COMP', 4, 'P1018', 'TR 12:30-2:00', 'F109', 30, 'This course covers select topics in artificial intelligence, including: reinforcement learning, Bayesian networks, and cognitive architectures.'),
('COMP229-2','Data Structures','COMP',4,'P1003','MWF 8:30-9:15','F104',	25,	'We begin with topics found in advanced programming. In particular, topics from Object Oriented programming and how this differs from Procedural Programming. We then move on to the study of dynamic data structures, such as Linked Lists, Stacks, Queues, Trees, Heaps, Graphs, Hash tables, Sets and more. Completion of this course opens up the remainder of the computer science classes, and is required for minors.'),
('COMP229-3',	'Data Structures',	'COMP',	4,	'P1004',	'MWF 1:30-2:15',	'F105',	30,	'We begin with topics found in advanced programming. In particular, topics from Object Oriented programming and how this differs from Procedural Programming. We then move on to the study of dynamic data structures, such as Linked Lists, Stacks, Queues, Trees, Heaps, Graphs, Hash tables, Sets and more. Completion of this course opens up the remainder of the computer science classes, and is required for minors.'),
('COMP239-2',	'Computer Organization',	'COMP',	4,	'P1020',	'MWF 2:30-3:15',	'F107',	25,	'This course covers the basics of how a computer works, focusing especially on the hardware-software interface. Students will learn about the limitations of the physical computer, and that it may not be possible to ignore the lower-level hardware when designing efficient software. Students will learn to implement programs in Assembly language and C/C++. They will investigate the main components of the computer and its processor and master the binary language of computers.'),
('COMP149','Math Foundations of Computer Science','COMP',4,'P1003','TR 8:30-10:00','F108',29,'This course provides the mathematical theory which underpins computer science, including number systems, variable types and formats, logic, set theory, graph theory, linear algebra, and important numbers, functions, and relations.'),
('COMP390',	'Junior Seminar',	'COMP',	4,	'P1004',	'MWF 11:00-11:45',	'F109',	25,	'This course focuses on responsible conduct of Computer Science. Students will explore the effects of technology on the modern world, including issues of electronic voting, personal security and privacy, intellectual property, and others. This course will culminate in a research paper on one of these topics, examining the technical background, as well as the social forces that contextualize the issue. Students should have an decent understanding of the challenges of writing software, and why certain questions are computationally difficult (that is, require significant time/memory).'),
('COMP490',	'Senior Seminar',	'COMP',	4,	'P1001',	'MWF 8:30-9:15',	'F110',	22,	'This course will support senior computer science majors as they conduct projects as part of their senior comprehensive requirement.'),
('COMP490-2',	'Senior Seminar',	'COMP',	4,	'P1001',	'MWF 9:45-10:30',	'F110',	27,	'This course will support senior computer science majors as they conduct projects as part of their senior comprehensive requirement.'),
('COMP373',	'Databases',	'COMP',	4,	'P1021',	'TR 10:30-12:00',	'F108',	25,	'Any large amount of data, such as that stored by Google or Facebook, requires specialized algorithms to ensure consistency and efficient access. From relational models and SQL to newer graph databases, students will understand how to represent entities a domain with rows in a database, culminating in a project that uses this knowledge in a real-world setting.'),
('COMP319',	'Knowledge Representation Reasoning',	'COMP',	4,	'P1018',	'MWF 1:30-2:15',	'F103',	30,	'Knowledge Representation and Reasoning is the area of Artificial Intelligence concerned with how knowledge can be represented and how automated systems can reason about that knowledge. In this course, we will learn how to use symbolic notations to represent knowledge, including how to represent objects, events, time, space, and language. We will also learn how to use automated reasoning systems to manipulate these representations and derive new knowledge.'),
('COMP146',	'Statistics',	'COMP',	4,	'P1020',	'MWF 5:00-5:45',	'F100',	30,	'Comprehensive study of measures of central tendency, variation, probability, the normal distribution, sampling, estimation, confidence intervals, and hypothesis testing. Introduction to use of technology in statistics. Real-life problems are used to illustrate methods.'),
('COMP146-2',	'Statistics',	'COMP',	4,	'P1021',	'MWF 8:30-9:15',	'F101',	24,	'Comprehensive study of measures of central tendency, variation, probability, the normal distribution, sampling, estimation, confidence intervals, and hypothesis testing. Introduction to use of technology in statistics. Real-life problems are used to illustrate methods.'),
('COMP337',	'Programming Langauges', 'COMP',4,	'P1004',	'MWF 5:00-5:45',	'F105',	26,	'There are hundreds of programming languages in use, many with unique features. This course is a survey of different programming languages and their similarities and differences. As part of this study, students will be additionally be introduced to topics such as type systems, parsing, and the theory of formal languages.'),
('COMP371',	'Mobile Apps',	'COMP',	4,	'P1001',	'TR 5:30-7:00',	'F100',	23,	'Smartphone apps, in their limited computational power and radically different form factor, impose new constraints and challenges different from the development of other software. In this class, students will be introduced to mobile architecture and related concepts such as monetization, privacy, analytics, and cross-platform development.'),
('MATH110',	'Calculus 1',	'MATH',	4,	'P1063',	'TR 10:30-12:00',	'F200',	23,	'This course is a traditional first course in calculus covering basic differential calculus. Topics include limits, continuity, differentiation, and differentiation rules.'),
('MATH110-2',	'Calculus 1',	'MATH',	4,	'P1064',	'MWF 8:30-9:15',	'F201',	26,	'This course is a traditional first course in calculus covering basic differential calculus. Topics include limits, continuity, differentiation, and differentiation rules.'),
('MATH120',	'Calculus 2',	'MATH',	4,	'P1015',	'TR 10:30-12:00',	'F203',	30,	'This is a standard second-semester calculus course. The topics will include integration, methods of evaluating integrals, sequences, series, and Taylor series.'),
('MATH120-2',	'Calculus 2',	'MATH',	4,	'P1020',	'MWF 11:00-11:45',	'F204',	21,	'This is a standard second-semester calculus course. The topics will include integration, methods of evaluating integrals, sequences, series, and Taylor series.'),
('MATH120-3',	'Calculus 2',	'MATH',	4,	'P1021',	'TR 8:30-10:00',	'F205',	23,	'This is a standard second-semester calculus course. The topics will include integration, methods of evaluating integrals, sequences, series, and Taylor series.'),
('MATH210',	'Discrete Mathematics',	'MATH',	4,	'P1065',	'TR 10:30-12:00',	'F206',	25,	'The language of sets and logic, including propositional and predicate calculus. Formal and informal proofs using truth tables, formal rules of inference, and mathematical induction.'),
('MATH210-2',	'Discrete Mathematics',	'MATH',	4,	'P1015',	'MWF 9:45-10:30',	'F201',	23,	'The language of sets and logic, including propositional and predicate calculus. Formal and informal proofs using truth tables, formal rules of inference, and mathematical induction.'),
('MATH214',	'Linear Algebra',	'MATH',	4,	'P1063',	'TR 8:30-10:00',	'F203',	29,	'Introduction to basic concepts of linear algebra through the study of linear algebraic systems and matrix algebra. Topics include an introduction to planes and lines, vector operations, subspaces, Gaussian elimination, linear independence, invertibility of matrices, orthogonality, matrix operations, eigenvalues, and eigenspaces.'),
('MATH214-2',	'Linear Algebra',	'MATH',	4,	'P1015',	'MWF 1:30-2:15',	'F207',	30,	'Introduction to basic concepts of linear algebra through the study of linear algebraic systems and matrix algebra. Topics include an introduction to planes and lines, vector operations, subspaces, Gaussian elimination, linear independence, invertibility of matrices, orthogonality, matrix operations, eigenvalues, and eigenspaces.'),
('MATH320',	'Algebra',	'MATH',	4,	'P1063',	'MWF 11:00-11:45',	'F208',	23,	'A first course in abstract algebra. Topics will be chosen from group theory (basic axioms and theorems concerning subgroups, cosets, normal subgroups, group homomorphisms), ring theory (basic axioms and theorems concerning subrings, ideals, ring homomorphisms, quotient rings), and field theory.'),
('MATH362',	'Topology',	'MATH',	4,	'P1015',	'TR 1:30-3:00',	'F209',	22,	'General topology studies those properties (such as connectedness and compactness) which are preserved by continuous mappings. A disk and a solid square are topologically equivalent; so are a doughnut and a coffee cup; but a disk is different from a doughnut. This course enables you to construct your own proofs and counterexamples while getting to know the basic concepts behind modern mathematics.'),
('MATH362-2',	'Topology',	'MATH',	4,	'P1064',	'TR 10:30-12:00',	'F210',	23,	'General topology studies those properties (such as connectedness and compactness) which are preserved by continuous mappings. A disk and a solid square are topologically equivalent; so are a doughnut and a coffee cup; but a disk is different from a doughnut. This course enables you to construct your own proofs and counterexamples while getting to know the basic concepts behind modern mathematics.'),
('MATH370',	'Numerical Analysis',	'MATH',	4,	'P1064',	'MWF 11:00-11:45',	'F205',	24,	'This is a first course in studying numerical techniques in solving a variety of problems in mathematics using computer algorithms. Topics can include methods for approximating solutions to algebraic equations, iterative methods for linear and nonlinear systems, interpolation and approximation theory, numerical integration, explicit and implicit methods for solving initial value problems and boundary value problems.'),
('MATH300',	'Junior Seminar',	'MATH',	4,	'P1063',	'MWF 2:30-3:15',	'F204',	25,	'This course is designed for mathematics majors to satisfy college-wide degree requirements and to demonstrate readiness for advancement in the major. The course includes preparation for and implementation of the Comprehensive Examination as well as completion of the Second Stage Writing Requirement.'),
('MATH400',	'Senior Seminar',	'MATH',	4,	'P1015',	'TR 8:30-10:00',	'F207',	24,	'An exploration of advanced topics in mathematics, chosen by the instructor. Assessment varies by seminar, but could include written assignments, oral presentations, or exams. Seniors typically take one seminar each semester. Completion of two seminars partially fulfills the comprehensive requirement for graduation with a degree in mathematics.'),
('PHIL101','Intro to Philosophy', 'PHIL', 4, 'P1016', 'MWF 9:45-10:30', 'C100', 21, 'This course introduces students to the central philosophical skills of critical thinking, careful reading, and analytical writing. Students will engage with a range of both historical and contemporary philosophical texts, from multiple regions and time periods, and with a range of philosophical questions that reflect the four content areas that structure our curriculum.'),
('PHIL231','Environmental and Animal Ethics', 'PHIL', 4, 'P1067', 'TR 10:30-12:00', 'C103', 30, 'This course will examine the ethical dimensions of our relationship to non-human animals and the environment, including a special emphasis on climate justice as the site of interconnected and global moral, political, and scientific concerns. Some of the questions we will address include: What is the relation between the environment and human health and well-being?'),
('PHIL101-2',	'Intro to Philosophy',	'PHIL',	4,	'P1019',	'TR 10:30-12:00',	'C101',	21,	'This course introduces students to the central philosophical skills of critical thinking, careful reading, and analytical writing. Students will engage with a range of both historical and contemporary philosophical texts, from multiple regions and time periods, and with a range of philosophical questions that reflect the four content areas that structure our curriculum: (1) History of Philosophy, (2) Diversity in Philosophy, (3) Self & Community, and (4) Mind & World.'),
('PHIL101-3',	'Intro to Philosophy',	'PHIL',	4,	'P1066',	'MWF 8:30-9:15',	'C102',	28,	'This course introduces students to the central philosophical skills of critical thinking, careful reading, and analytical writing. Students will engage with a range of both historical and contemporary philosophical texts, from multiple regions and time periods, and with a range of philosophical questions that reflect the four content areas that structure our curriculum: (1) History of Philosophy, (2) Diversity in Philosophy, (3) Self & Community, and (4) Mind & World.'),
('PHIL320',	'Health and Social Justice',	'PHIL',	4,	'P1068',	'MWF 1:30-2:15',	'C104',	24,	'Contemporary health issues often raise deep ethical and theoretical concerns. In this course, we seek to connect philosophical and theoretical work on social justice with contemporary issues in health, such as abortion, trans* health, disability rights, domestic violence, international inequities, and health disparities. As a key component of this course, students will partner with a community organization for a semester-long research project, identifying an issue of practical importance to that community and offering an original, theoretical analysis.'),
('PHIL321',	'Philosophy of James Baldwin',	'PHIL',	4,	'P1068',	'MWF 8:30-9:15',	'C105',	24,	'James Baldwin explored, with extraordinary sensitivity and insight, issues of race, poverty, and sexual difference in America. In this course, we will engage with Baldwin?s essays, novels, and plays, together with related philosophical work and film, in order to explore the some of the main philosophical themes in Baldwin?s work. We will focus on the roles that love, truth-telling, and self-knowledge play in living a morally good life and in creating a just society.'),
('PHIL344',	'Language Translation and Meaning',	'PHIL',	4,	'P1067',	'MWF 11:00-11:45',	'C106',	28,	'What is a language? And what is it to know, to speak, or to understand a language? This class will investigate the project of developing a systematic and comprehensive theory of linguistic meaning: what resources such a theory requires, what kinds of claims it makes, and what consequences it has. We will proceed by examining philosophical questions about the role translation between languages plays in a theory of meaning, about the nature of linguistic reference to the world, and about whether the notions of language and meaning are ultimately coherent.'),
('PHIL150',	'Formal Logic',	'PHIL',	4,	'P1019',	'MWF 8:30-9:15',	'C107',	29,	'This course introduces students to symbolic models of the structure of arguments, and to tools for representing those structures and evaluating them as patterns of good or bad arguments.'),
('PHIL150-2',	'Formal Logic',	'PHIL',	4,	'P1066',	'MWF 9:30-10:15',	'C108',	30,	'This course introduces students to symbolic models of the structure of arguments, and to tools for representing those structures and evaluating them as patterns of good or bad arguments.'),
('PHIL150-3',	'Formal Logic',	'PHIL',	4,	'P1019',	'MWF 10:30-11:15',	'C109',	28,	'This course introduces students to symbolic models of the structure of arguments, and to tools for representing those structures and evaluating them as patterns of good or bad arguments.'),
('PHIL350',	'Metalogic',	'PHIL',	4,	'P1066',	'MWF 11:00-11:45',	'C110',	27,	'This course surveys results in the metatheory of first order logic including consistency, completeness, decidability, and undecidability.'),
('PHIL360',	'Beauty',	'PHIL',	4,	'P1067',	'MWF 3:00-3:45',	'C108',	29,	'What makes something, someone, or some place beautiful? Why do we value beauty? These questions will be explored across multiple domains, including: art, the natural world, the built environment, and human practices, including norms for human bodies.'),
('PHIL490',	'Senior Seminar',	'PHIL',	4,	'P1016',	'TR 8:30-10:00',	'C109',	27,	'Prerequisite: senior standing in philosophy.'),
('PHIL490-2',	'Senior Seminar',	'PHIL',	4,	'P1016',	'TR 10:30-12:00',	'C102',	29,	'Prerequisite: senior standing in philosophy.'),
('PHIL 242',	'Minds, Agents, and Persons',	'PHIL',	4,	'P1016',	'MWF 1:30-2:15',	'C105',	30,	'An introduction to the study of the mind and its relation to the body, the nature of human agency action, and personal identity. Questions to be investigated include: Is the mind identical to the brain, or is it something separate and immaterial? Is it possible for computers to think, to have consciousness, and to engage in actions that can be assessed as right or wrong?'),
('PHIL 242-2',	'Minds, Agents, and Persons',	'PHIL',	4,	'P1068',	'MWF 2:30-3:15',	'C103',	28,	'An introduction to the study of the mind and its relation to the body, the nature of human agency action, and personal identity. Questions to be investigated include: Is the mind identical to the brain, or is it something separate and immaterial? Is it possible for computers to think, to have consciousness, and to engage in actions that can be assessed as right or wrong?'),
('PSYC101',	'Introduction to Psychology',	'PSYC',	4,	'P1070',	'MWF 9:00-9:45',	'C200',	29,	'Introduction to the primary subject matter areas assumptions and methods of psychology as the science of behavior. Topics include: physiology, learning, perception, motivation, development, emotion, cognition, social processes, personality, and psychopathology.'),
('PSYC101-2',	'Introduction to Psychology',	'PSYC',	4,	'P1070',	'MWF 10:30-11:15',	'C201',	30,	'Introduction to the primary subject matter areas assumptions and methods of psychology as the science of behavior. Topics include: physiology, learning, perception, motivation, development, emotion, cognition, social processes, personality, and psychopathology.'),
('PSYC101-3',	'Introduction to Psychology',	'PSYC',	4,	'P1070',	'MWF 11:00-11:45',	'C202',	29,	'Introduction to the primary subject matter areas assumptions and methods of psychology as the science of behavior. Topics include: physiology, learning, perception, motivation, development, emotion, cognition, social processes, personality, and psychopathology.'),
('PSYC200',	'Methods in Psychological Science',	'PSYC',	4,	'P1069',	'MWF 8:00-8:45',	'C203',	28,	'Introduces scientific methodology in the context of psychological research. Basic concepts in scientific inquiry and specific observational, correlational, and experimental techniques are covered. Includes an introduction to descriptive statistics.'),
('PSYC200-2',	'Methods in Psychological Science',	'PSYC',	4,	'P1071',	'MWF 3:00-3:45',	'C204',	30,	'Introduces scientific methodology in the context of psychological research. Basic concepts in scientific inquiry and specific observational, correlational, and experimental techniques are covered. Includes an introduction to descriptive statistics.'),
('PSYC200-3',	'Methods in Psychological Science',	'PSYC',	4,	'P1069',	'MWF 1:30-2:15',	'C205',	28,	'Introduces scientific methodology in the context of psychological research. Basic concepts in scientific inquiry and specific observational, correlational, and experimental techniques are covered. Includes an introduction to descriptive statistics.'),
('PSYC295',	'Directed Research',	'PSYC',	4,	'P1071',	'MWF 10:00-10:45',	'C206',	27,	'Students working with department faculty on faculty-initiated research projects for a minimum of five hours per week may enroll in this course. Responsibilities in the research project will vary from assistance with data collection to participation in data analysis and interpretation and conceptualization of future research.'),
('PSYC295-2',	'Directed Research',	'PSYC',	4,	'P1071',	'MWF 11:00-11:45',	'C207',	29,	'Students working with department faculty on faculty-initiated research projects for a minimum of five hours per week may enroll in this course. Responsibilities in the research project will vary from assistance with data collection to participation in data analysis and interpretation and conceptualization of future research.'),
('PSYC306',	'Cognitive Psychology',	'PSYC',	4,	'P1069',	'TR 8:30-10:00',	'C208',	28,	'The study of theoretical models that address the mental processes underlying knowledge and thought and the empirical research in support of those models. Emphasis is placed on how people solve problems, make decisions, draw inferences, attend to their environment, communicate, remember, and learn. Much of the material is applied to real-life settings.'),
('PSYC306-2',	'Cognitive Psychology',	'PSYC',	4,	'P1069',	'TR 10:30-12:00',	'C209',	30,	'The study of theoretical models that address the mental processes underlying knowledge and thought and the empirical research in support of those models. Emphasis is placed on how people solve problems, make decisions, draw inferences, attend to their environment, communicate, remember, and learn. Much of the material is applied to real-life settings.'),
('PSYC323',	'Social Psychology',	'PSYC',	4,	'P1017',	'MWF 1:30-2:15',	'C210',	30,	'Behavior of individuals and groups in and across social contexts. Topics include self social cognition attitudes and persuasion liking and loving prejudice aggression and social conflict group identity consciousness and social action.'),
('PSYC323-2',	'Social Psychology',	'PSYC',	4,	'P1070',	'MWF 8:00-8:45',	'C204',	28,	'Behavior of individuals and groups in and across social contexts. Topics include self social cognition attitudes and persuasion liking and loving prejudice aggression and social conflict group identity consciousness and social action.'),
('PSYC330',	'Abnormal Psychology',	'PSYC',	4,	'P1072',	'TR 4:30-6:00',	'C210',	29,	'The study of psychopathology, including diagnosis and classification, core dysfunctions, and physiological and psychosocial causative factors. Intervention, treatment, and preventative strategies will also be discussed.'),
('PSYC334',	'Health Psychology',	'PSYC',	4,	'P1072',	'TR 12:30-2:00',	'C206',	28,	'Consideration of psychological influences on health and illness, including health- and illness-promoting behavior and lifestyles, cognitive and emotional processes, and social and institutional practices.'),
('PSYC350',	'Psychology of Gender',	'PSYC',	4,	'P1071',	'TR 2:30-4:00',	'C202',	27,	'The course will survey diverse psychological perspectives on gender and its personal and cultural implications. Will explore: meanings of gender, evolutionary, physiological, developmental, and sociocultural roots of gender difference; the relation of gender to cognition, personality, sexuality, health, interpersonal relationships, and political power; the commensurability of various theoretical approaches to gender.'),
('PSYC428',	'Adolescence',	'PSYC', 4,	'P1017',	'MWF 9:00-9:45','C208',	26,	'The study of social, cognitive, physical, and psychological development during adolescence and emerging adulthood. Topics include sexual development and the social consequences of being sexually active, the function of family support, the increasingly important role of peer relationships, drug abuse and antisocial behavior, and school adjustment.'),
('PSYC428-2',	'Adolescence',	'PSYC',	4,	'P1072',	'MWF 11:00-11:45',	'C200',	29,	'The study of social, cognitive, physical, and psychological development during adolescence and emerging adulthood. Topics include sexual development and the social consequences of being sexually active, the function of family support, the increasingly important role of peer relationships, drug abuse and antisocial behavior, and school adjustment.'),
('PSYC448',	'Theories of Personality',	'PSYC',	4,	'P1017',	'MWF 12:00-12:45',	'C201',	27,	'Introduction to and evaluation and application of classic and contemporary theories of personality including psychoanalytic, humanistic, behavioral, cognitive, and object relations models. Primary sources, autobiographies, and case studies will supplement traditional texts'),
('PSYC431',	'Clinical Psychology',	'PSYC',	4,	'P1072',	'MWF 2:30-3:15',	'C203',	30,	'Introduction to the techniques and processes of clinical psychology and psychotherapy. Topics include major schools of thought and approaches, specific techniques of assessment and treatment, relevant research, assessment of effectiveness, and issues of gender and culture.'),
('PSYC490',	'Psychology of Addiction',	'PSYC',	4,	'P1017',	'TR 8:30-10:00',	'C207',	30,	'Introduction to the psychosocial and neurobiological basis of addiction. Substance abuse and behavioral compulsions, including drugs, gambling, eating, and sexual addictions are examined. Additional focus on diversity in addicted populations, the business and politics of drugs, and prevention.'),
('PSYC490-2',	'Psychology of Addiction',	'PSYC',	4,	'P1017',	'TR 10:30-12:00',	'C207',	27,	'Introduction to the psychosocial and neurobiological basis of addiction. Substance abuse and behavioral compulsions, including drugs, gambling, eating, and sexual addictions are examined. Additional focus on diversity in addicted populations, the business and politics of drugs, and prevention.'),
('BIO103','Topics in Biology','BIO',4,'P1022','TR 8:30-10:00','HSC100',24,'Topics vary. Not applicable to the Biology major. Not open to students who have previously taken more than one 100-level Biology course.'),
('BIO103-2','Topics in Biology','BIO',4,'P1024','MWF 8:30-9:15','HSC101',23,'Topics vary. Not applicable to the Biology major. Not open to students who have previously taken more than one 100-level Biology course.'),
('BIO105','Marine Biology','BIO',4,'P1025','TR 8:30-10:00','HSC102',25,'This course will be an introductory survey of marine organisms and their environment. It will cover fishes, invertebrates, mammals, reptiles and algae. Included will be an investigation of behavior, ecology, adaptations, and environmental relationships to humans.'),
('BIO105-2','Marine Biology','BIO',4,'P1022','MWF 9:45-10:30','HSC103',29,'This course will be an introductory survey of marine organisms and their environment. It will cover fishes, invertebrates, mammals, reptiles and algae. Included will be an investigation of behavior, ecology, adaptations, and environmental relationships to humans.'),
('BIO115','General Zoology','BIO',4,'P1023','TR 10:30-12:00','HSC104',21,'An introduction to the diversity, comparative anatomy, and physiology of animals. Emphasis is placed on the classification of animals, how animals are adapted to the environment, and the evolutionary relationships between the phyla.'),
('BIO115-2','General Zoology','BIO',4,'P1006','MWF 11:00-11:45','HSC105',20,'An introduction to the diversity, comparative anatomy, and physiology of animals. Emphasis is placed on the classification of animals, how animals are adapted to the environment, and the evolutionary relationships between the phyla.'),
('BIO224','Genetic Analysis','BIO',4,'P1023','MWF 8:30-9:15','HSC106',20,'Intensive, concept-driven exploration of genetic information transfer between generations. Topics include Mendelian principles, allelic and genetic interactions at the phenotypic level, complex traits, genetic mapping, DNA repair and genome maintenance, epigenetics, and principles of gene regulation.'),
('BIO224-2','Genetic Analysis','BIO',4,'P1024','MWF 12:00-12:45','HSC107',23,'Intensive, concept-driven exploration of genetic information transfer between generations. Topics include Mendelian principles, allelic and genetic interactions at the phenotypic level, complex traits, genetic mapping, DNA repair and genome maintenance, epigenetics, and principles of gene regulation.'),
('BIO240',	'Vertebrate Physiology',	'BIO',	4,	'P1006',	'TR 6:30-8:00',	'HSC108',	24,	'Physical and metabolic activities of cells and tissues; properties of the cellular environment; regulatory and homeostatic functions of organ systems.'),
('BIO240-2',	'Vertebrate Physiology',	'BIO',	4,	'P1024',	'TR 4:30-6:00',	'HSC109',	29,	'Physical and metabolic activities of cells and tissues; properties of the cellular environment; regulatory and homeostatic functions of organ systems.'),
('BIO260',	'Biodiversity and Organization of Marine Ecosystems',	'BIO',	4,	'P1025',	'MWF 8:30-9:15',	'HSC110',	28,	'The goal of this course is to introduce marine ecosystems and the physical and biological attributes contributing to their organization. The course will focus on the nearshore marine environment of the Southern California Bight referencing examples from comparable ecosystems. It will introduce basic physical attributes and the organisms of these dynamic ecosystems.'),
('BIO268',	'Biostatistics',	'BIO',	4,	'P1023',	'TR 12:30-2:00',	'HSC100',	27,	'The application of statistical methods to the solution of biological problems. Focus will be on applied statistics (as opposed to mathematical statistics) to study variation in nature. This course will survey descriptive statistics, probability and probability distributions, and methods of hypothesis testing.'),
('BIO268-2',	'Biostatistics',	'BIO',	4,	'P1023',	'TR 2:30-4:00',	'HSC101',	25,	'The application of statistical methods to the solution of biological problems. Focus will be on applied statistics (as opposed to mathematical statistics) to study variation in nature. This course will survey descriptive statistics, probability and probability distributions, and methods of hypothesis testing.'),
('BIO323',	'Histology',	'BIO',	4,	'P1025',	'MWF 11:00-11:45',	'HSC102',	26,	'An introduction to histology. Lectures present the structure and function of cells, tissues, and organs in healthy and diseased conditions.'),
('BIO333',	'Neurobiology',	'BIO',	4,	'P1022',	'TR 4:30-6:00',	'HSC101',	23,	'Emphasis on cell biology and phsyiology of neurons. Development and plasticity of the nervous system in invertebrates and vertebrates. Overview of selected central nervous system structures and their function and the cellular and molecular basis of selected nervous system diseases and disorders.'),
('BIO333-2',	'Neurobiology',	'BIO',	4,	'P1024',	'MWF 7:00-7:45',	'HSC100',	24,	'Emphasis on cell biology and phsyiology of neurons. Development and plasticity of the nervous system in invertebrates and vertebrates. Overview of selected central nervous system structures and their function and the cellular and molecular basis of selected nervous system diseases and disorders.'),
('BIO349',	'Biochemistry',	'BIO',	4,	'P1022',	'MWF 5:30-6:15',	'HSC100',	30,	'This course explores the roles of the essential biological macromolecules focusing on proteins, while covering lipids, carbohydrates and nucleic acids. Topics include the structure and function of these macromolecules as well as an investigation of the biochemical methods used to study them.'),
('BIO349-2',	'Biochemistry',	'BIO',	4,	'P1006',	'MWF 2:30-3:15',	'HSC102',	28,	'This course explores the roles of the essential biological macromolecules focusing on proteins, while covering lipids, carbohydrates and nucleic acids. Topics include the structure and function of these macromolecules as well as an investigation of the biochemical methods used to study them.'),
('BIO395',	'Directed Research',	'BIO',	4,	'P1025',	'MWF 1:30-2:15',	'HSC100',	23,	'Research for approximately five hours per week for students to study in an area not otherwise included in the departmental curriculum.'),
('BIO395-2',	'Directed Research',	'BIO',	4,	'P1022',	'MWF 8:00-8:45',	'HSC103',	21,	'Research for approximately five hours per week for students to study in an area not otherwise included in the departmental curriculum.'),
('BIO490',	'Senior Seminar',	'BIO',	4,	'P1006',	'TR 8:30-10:00',	'HSC103',	20,	'Topics of these seminars will be announced at spring pre-registration. Each senior must pass one seminar for the comprehensive requirement. Each meets two hours per week, with extensive reading, discussion, and a major oral presentation by each student.'),
('BIO490-2',	'Senior Seminar',	'BIO',	4,	'P1006',	'TR 10:30-12:00',	'HSC103',	28,	'Topics of these seminars will be announced at spring pre-registration. Each senior must pass one seminar for the comprehensive requirement. Each meets two hours per week, with extensive reading, discussion, and a major oral presentation by each student.'),
('CHEM100',	'Introduction to Chemistry',	'CHEM',	4,	'P1031',	'MWF 7:00-7:45',	'HSC104',	30,	'Develop the skills necessary for a satisfactory introduction to general chemistry. Prerequisite: open only for first year frosh with successful completion of a placement examination.'),
('CHEM100-2',	'Introduction to Chemistry',	'CHEM',	4,	'P1008',	'MWF 8:00-8:45',	'HSC104',	23,	'Develop the skills necessary for a satisfactory introduction to general chemistry. Prerequisite: open only for first year frosh with successful completion of a placement examination.'),
('CHEM100-3',	'Introduction to Chemistry',	'CHEM',	4,	'P1008',	'MWF 9:00-9:45',	'HSC104',	24,	'Develop the skills necessary for a satisfactory introduction to general chemistry. Prerequisite: open only for first year frosh with successful completion of a placement examination.'),
('CHEM120',	'Foundations of General Chemistry',	'CHEM',	4,	'P1032',	'TR 8:30-10:00',	'HSC105',	28,	'An introduction to the primary chemical concepts of atomic structure and quantum theory, periodic trends, molecular structure, chemical kinetics, equilibrium, thermodynamics, and acids and bases.'),
('CHEM120-2',	'Foundations of General Chemistry',	'CHEM',	4,	'P1032',	'TR 10:30-12:00',	'HSC105',	29,	'An introduction to the primary chemical concepts of atomic structure and quantum theory, periodic trends, molecular structure, chemical kinetics, equilibrium, thermodynamics, and acids and bases.'),
('CHEM195',	'Directed Research',	'CHEM',	4,	'P1033',	'MWF 1:30-2:15',	'HSC105',	27,	'Intensive study in an area of chemistry or biochemistry of the students choosing under the direct supervision of a member of the faculty.'),
('CHEM195-2',	'Directed Research',	'CHEM',	4,	'P1033',	'MWF 2:30-3:15',	'HSC106',	26,	'Intensive study in an area of chemistry or biochemistry of the students choosing under the direct supervision of a member of the faculty.'),
('CHEM195-3',	'Directed Research',	'CHEM',	4,	'P1033',	'MWF 3:30-4:15',	'HSC106',	25,	'Intensive study in an area of chemistry or biochemistry of the students choosing under the direct supervision of a member of the faculty.'),
('CHEM220',	'Organic Chemistry',	'CHEM',	4,	'P1032',	'MWF 11:00-11:45',	'HSC106',	20,	'Introduction to the fundamental concepts of organic chemistry. The course explores the properties and structures of carbon-based molecules, and focuses on how these factors influence their reactivity.'),
('CHEM220-2',	'Organic Chemistry',	'CHEM',	4,	'P1034',	'MWF 7:00-7:45',	'HSC101',	28,	'Introduction to the fundamental concepts of organic chemistry. The course explores the properties and structures of carbon-based molecules, and focuses on how these factors influence their reactivity.'),
('CHEM300',	'Thermodynamics and Kinetics',	'CHEM',	4,	'P1031',	'TR 2:30-4:00',	'HSC107',	27,	'Applications of chemical thermodynamics and kinetics.'),
('CHEM300-2',	'Thermodynamics and Kinetics',	'CHEM',	4,	'P1031',	'TR 4:30-6:00',	'HSC107',	30,	'Applications of chemical thermodynamics and kinetics.'),
('CHEM301',	'Biophysical Chemistry',	'CHEM',	4,	'P1035',	'MWF 2:30-3:15',	'HSC107',	30,	'An introduction to the principles of chemical thermodynamics, kinetics, and spectroscopy with a focus on applications to biochemical systems.'),
('CHEM340',	'Inorganic Chemistry',	'CHEM',	4,	'P1034',	'TR 8:30-10:00',	'HSC108',	25,	'Application of modern theories of physics and chemistry to the synthesis, bonding, and reactivity patterns of inorganic compounds. Special emphasis on the role of metal ions in biological systems.'),
('CHEM340-2',	'Inorganic Chemistry',	'CHEM',	4,	'P1035',	'TR 12:30-2:00',	'HSC108',	26,	'Application of modern theories of physics and chemistry to the synthesis, bonding, and reactivity patterns of inorganic compounds. Special emphasis on the role of metal ions in biological systems.'),
('CHEM315',	'Physical Chemistry',	'CHEM',	4,	'P1034',	'MWF 2:30-3:15',	'HSC108',	27,	'An introduction to quantum mechanics, atomic and molecular structure, spectroscopy, statistical thermodynamics, kinetic molecular theory, and chemical applications of group theory.'),
('CHEM315-2',	'Physical Chemistry',	'CHEM',	4,	'P1033',	'TR 6:30-8:00',	'HSC109',	23,	'An introduction to quantum mechanics, atomic and molecular structure, spectroscopy, statistical thermodynamics, kinetic molecular theory, and chemical applications of group theory.'),
('CHEM350',	'Biochemistry',	'CHEM',	4,	'P1034',	'MWF 11:00-11:45',	'HSC109',	21,	'Biochemistry of macromolecules with an emphasis on protein structure and function. Prerequisite: CHEM 221 and CHEM 240.'),
('CHEM350-2',	'Biochemistry',	'CHEM',	4,	'P1035',	'MWF 12:00-12:45',	'HSC109',	20,	'Biochemistry of macromolecules with an emphasis on protein structure and function. Prerequisite: CHEM 221 and CHEM 240.'),
('CHEM490',	'Senior Seminar',	'CHEM',	4,	'P1008',	'TR 12:30-2:00',	'HSC110',	28,	'The preparation, presentation and participation in a seminar series as a part of the senior comprehensive examination. Open only to senior chemistry majors, to be repeated both semesters.'),
('CHEM490-2',	'Senior Seminar',	'CHEM',	4,	'P1008',	'TR 2:30-4:00',	'HSC110',	26,	'The preparation, presentation and participation in a seminar series as a part of the senior comprehensive examination. Open only to senior chemistry majors, to be repeated both semesters.'),
('GEO105','Earth Our Environment','GEO',4,'P1002','MWF 1:30-2:15','HSC200',27,'Introduction to Geology with emphasis on the physical processes that shape the environment on the Earths surface. The course will cover the fundamentals of plate tectonics, rocks, minerals, geologic time, surface processes, and Earths interior. Special attention will be paid to geologic hazards (such as earthquakes, volcanoes, floods, and landslides'),
('GEO105-2','Earth Our Environment','GEO',4,'P1045','TR 8:30-10:00','HSC201',29,'Introduction to Geology with emphasis on the physical processes that shape the environment on the Earths surface. The course will cover the fundamentals of plate tectonics, rocks, minerals, geologic time, surface processes, and Earths interior. Special attention will be paid to geologic hazards (such as earthquakes, volcanoes, floods, and landslides'),
('GEO106','Earth and the Human Future','GEO',4,'P1047','MWF 9:30-10:15','HSC202',25,'Nature and humanity interact with and impact one another in complex and significant ways. Human health, safety, and economic well-being is significantly impacted by natural processes, providing both opportunities and constraints on sustainability. This course focuses on these interactions as studied by earth scientists.'),
('GEO106-2','Earth and the Human Future','GEO',4,'P1045','MWF 1:30-2:15','HSC203',30,'Nature and humanity interact with and impact one another in complex and significant ways. Human health, safety, and economic well-being is significantly impacted by natural processes, providing both opportunities and constraints on sustainability. This course focuses on these interactions as studied by earth scientists.'),
('GEO245','Earths Climate Past and Future','GEO',4,'P1046','MWF 1:30-2:15','HSC204',30,	'An introduction to Earths climate system and the geological record of its change.'),
('GEO245-2',	'Earths Climate Past and Future',	'GEO',	4,	'P1011',	'MWF 11:00-11:45',	'HSC205',	28,	'An introduction to Earths climate system and the geological record of its change.'),
('GEO342','Geomorphology','GEO',4,'P1002','TR 8:30-10:00','HSC206',29,'Landforms and their interpretation in terms of tectonic and climatic processes will be presented.'),
('GEP342-2','Geomorphology','GEO',4,'P1045','TR 10:30-12:00','HSC207',25,'Landforms and their interpretation in terms of tectonic and climatic processes will be presented.'),
('GEO395','Directed Research','GEO',4,'P1047','MWF 1:30-2:15','HSC208',30,'Research under guidance of faculty member on jointly selected project. May be taken four times for credit.'),
('GEO395-2',	'Directed Research',	'GEO',	4,	'P1046',	'TR 8:30-10:00',	'HSC209',	29,	'Research under guidance of faculty member on jointly selected project. May be taken four times for credit.'),
('GEO345',	'Petrology',	'GEO',	4,	'P1002',	'TR 10:30-12:00',	'HSC210',	28,	'The origin, occurrence, composition, and classification of rocks are discussed based on their geologic settings and experimental studies.'),
('GEO345-2',	'Petrology',	'GEO',	4,	'P1045',	'MWF 3:30-4:15',	'HSC200',	27,	'The origin, occurrence, composition, and classification of rocks are discussed based on their geologic settings and experimental studies.'),
('GEO255',	'Spatial Analysis with Geographic Information',	'GEO',	4,	'P1011',	'MWF 1:30-2:15',	'HSC201',	29,	'An introduction to concepts of Geographic Information Science and spatial analysis using GIS designed for natural science majors. Emphasis on spatial analysis both vector and raster data, including aerial photos, satellite imagery, and introductory terrain analysis.'),
('GEO491',	'Senior Seminar',	'GEO',	4,	'P1011',	'TR 10:30-12:00',	'HSC205',	30,	'This seminar focuses on analysis, discussion, and presentation of current issues in geological research. These topics will be explored through the geologic literature and the class will include a formal presentation to the Geology Department.'),
('GEO491-2',	'Senior Seminar',	'GEO',	4,	'P1011',	'TR 8:30-10:00',	'HSC207',	29,	'This seminar focuses on analysis, discussion, and presentation of current issues in geological research. These topics will be explored through the geologic literature and the class will include a formal presentation to the Geology Department.'),
('MAC110','Introduction to Digital Design','MAC',4,'P1014','MWF 7:00-7:45','LIB100',28,'This course focuses on the fundamental processes and tools involved in digital design for the media arts: color, resolution, image manipulation, compositing, typography, vector graphics, web/app design principles, project workflow, and output/finishing formats.'),
('MAC143','Introduction to Visual and Critical Studies','MAC',4,'P1060','TR 8:30-10:00','LIB101',26,'This 100 level gateway course introduces students to key concepts and methodologies for the critical analysis and interpretation of a broad range of media forms across the visual field - including film, television, social media, photography, games, advertising, etc. - and the cultural, historical, and ideological forces that govern them.'),
('MAC146','Aesthetics of the Cinema','MAC',4,'P1060','MWF 9:30-10:15','LIB102',29,'This 100 level gateway course breaks down the aesthetic components of film and examines each elements function in the production of meaning in a text. The course underscores the fact that cinemas aesthetic language is not solely generated by Hollywood.'),
('MAC210','Introduction to Motion Design','MAC',4,'P1061','TR 12:30-2:00','LIB103',28,'Motion graphics and motion design are becoming increasingly vital creative and technical capacities for digital media production. This course focuses on the fundamental concepts, processes, and tools involved in motion design for the media arts.'),
('MAC210-2','Introduction to Motion Design','MAC',4,'P1061','TR 2:30-4:00','LIB104',27,'Motion graphics and motion design are becoming increasingly vital creative and technical capacities for digital media production. This course focuses on the fundamental concepts, processes, and tools involved in motion design for the media arts.'),
('MAC241','Politics and poetics of Documentary','MAC',4,'P1061','MWF 8:00-8:45','LIB105',26,'In a digital moment where both the democratizing and totalitarian possibilities of media are unprecedented, the need to analyze and understand both the politics and poetics the distinct audiovisual rhetorical strategies of documentary media has never been more vital.'),
('MAC242','Projects in Documentary Media','MAC',4,'P1059','MWF 10:00-10:45','LIB106',30,'In our dynamic digital moment, the question, What is a documentary? can be answered with ever-increasing complexity. Works professing truth claims about our historical and present realities are just as much constructs as any fiction film, a realization that presents both creative opportunities and ethical responsibilities for documentary practitioners.'),
('MAC244','Cultures of Protest','MAC',4,'P1059','MWF 1:30-2:15','LIB107',28,'The English word protest? to declare publicly - derives from a Latin verb meaning to testify, give witness. In this course we will explore a variety of films from different geopolitical regions and of different genres and different historical contexts that might be interpreted as speaking to all kinds of modalities of protest: protests against nationalisms, against ethnic cleansings, against xenophobia, racism, and homophobia, against national violence and against gender purity.'),
('MAC250','Media Activism through Video','MAC',4,'P1062','MWF 2:30-3:15','LIB108',29,'This is a combined theory and practice course that will engage students in looking critically at what participation means when working with members of a community. In participatory video, who holds the camera often determines who holds the power.'),
('MAC270','Worldbuilding Design','MAC',4,'P1061','MWF 7:00-7:45','LIB109',29,'This course explores emerging methods of narrative design in relationship to worldbuilding. Worldbuilding refers to designing a complex integrated system with many moving parts such as characters, settings, myths, rules, artifacts ? often a whole system of a society and culture.'),
('MAC271',	'Creative Approches to Communicating at a Distance',	'MAC',	4,	'P1062',	'MWF 8:30-9:15',	'LIB110',	28, 'Drawing from video game studies, humor and gimmicks, feminist film theory, and Black feminist thought, this course takes an interdisciplinary approach to questions of haptic media. Students will complete and give feedback on six short solo haptic pieces and one final collaborative project.'),
('MAC295',	'Audiences and Spectators',	'MAC',	4,	'P1059',	'TR 8:30-10:00',	'LIB100',	27,	'This course will explore how audiences have taken pleasure in film, television, and contemporary digital media. Students will examine moving images in a variety of technological formats and exhibition contexts to study how communities of viewers have developed vibrant fan cultures around popular media.'),
('MAC295-2',	'Audiences and Spectators',	'MAC',	4,	'P1059',	'TR 6:30-8:00',	'LIB101',	28,	'This course will explore how audiences have taken pleasure in film, television, and contemporary digital media. Students will examine moving images in a variety of technological formats and exhibition contexts to study how communities of viewers have developed vibrant fan cultures around popular media.'),
('MAC320',	'Advanced Narrative Practices',	'MAC',	4,	'P1062',	'TR 6:30-8:00',	'LIB102',	29,	'This course emphasizes the advanced design and writing of long-form narratives for various audiovisual time-based media forms. Through a combination of screenings, critical readings, and creative exercises, students will develop a treatment for a long-form narrative screen work and commence writing scenes for its first act.'),
('MAC355',	'Advanced Media Practices',	'MAC',	4,	'P1060',	'MWF 7:00-7:45',	'LIB103',	30,	'Students engage in a combination of readings, screenings, technical workshops, and collaborative media production projects to prepare them for the Media Production Senior Comprehensives experience.'),
('MAC355-2',	'Advanced Media Practices',	'MAC',	4,	'P1014',	'MWF 8:00-8:45',	'LIB103',	28,	'This is a required course for all MAC juniors in the Media Production Concentration. It provides advanced study and hands-on experience in the ideation and production of digital media projects across a range of fictional, documentary, and experimental modes.'),
('MAC390',	'Junior Seminar',	'MAC',	4,	'P1062',	'MWF 4:00-4:45',	'LIB104',	27,	'This is a required course for all MAC juniors in the Media Production Concentration. It provides advanced study and hands-on experience in the ideation and production of digital media projects across a range of fictional, documentary, and experimental modes.'),
('MAC490',	'Senior Seminar',	'MAC',	4,	'P1014',	'TR 8:30-10:00',	'LIB104',	26,	'Advanced fall-semester course (4 units) designed for the collaborative development and photography of Media Production comprehensive projects.'),
('MAC490-2',	'Senior Seminar',	'MAC',	4,	'P1014',	'TR 10:30-12:00',	'LIB104',	29,	'Advanced fall-semester course (4 units) designed for the collaborative development and photography of Media Production comprehensive projects.'),
('BLST105','Topics in American Music','BLST',4,'P1007','MWF 10:00-10:45','LIB108',28,'This course surveys music of African Americans with an emphasis on 20th century classical and vernacular genres. We will examine this musical web in three units: Classical Jazz & Blues and Rock & Contemporary Vernaculars.'),
('BLST105-2','Topics in American Music','BLST',4,'P1026','TR 2:30-4:00','LIB108',29,'This course surveys music of African Americans with an emphasis on 20th century classical and vernacular genres. We will examine this musical web in three units: Classical Jazz & Blues and Rock & Contemporary Vernaculars.'),
('BLST207','African American History','BLST',4,'P1026','MWF 3:30-4:15','LIB108',30,'This course introduces students to major issues in African American history from the earliest experiences of forced African migrants to North America to the black quest for freedom in the twentieth century United States.'),
('BLST215','Educating African America','BLST',4,'P1026','MWF 4:30-5:15','LIB109',30,'This course critically examines the history of the education of Africans in the United States, beginning at the Middle Passage, through Reconstruction and the post-bellum South, to contemporary post-industrial urban contexts.'),
('BLST215-2','Educating African America','BLST',4,'P1027','MWF 10:00-10:45','LIB110',30,'This course critically examines the history of the education of Africans in the United States, beginning at the Middle Passage, through Reconstruction and the post-bellum South, to contemporary post-industrial urban contexts.'),
('BLST376','Slavery Freedom and American History','BLST',4,'P1027','TR 2:30-4:00','LIB107',29,'This interdisciplinary seminar will explore the contentious history of the public memory and representation of slavery, the Old South, and emancipation in the United States. Drawing upon a range of sources - including fiction, film, advertisements, tourist sites, and public monuments - we will examine the various ways that Americans have sought to commemorate, critique, and capitalize on the history of the nations peculiar institution from the late-nineteenth century to the present day.'),
('BLST377','Afrofuturism','BLST',4,'P1027','TR 8:30-10:00','LIB107',28,'This course interrogates the intellectual and artistic dimensions of the Afrofuturism movement. From the present day, going at least as far back as Phillis Wheatleys poetry, one finds a robust exploration of black cultures relationship to technology and futurity that diverges from Eurocentric standards of civilizational progress.'),
('BLST377-2','Afrofuturism','BLST',4,'P1028','TR 6:30-8:00','LIB106',27,'This course interrogates the intellectual and artistic dimensions of the Afrofuturism movement. From the present day, going at least as far back as Phillis Wheatleys poetry, one finds a robust exploration of black cultures relationship to technology and futurity that diverges from Eurocentric standards of civilizational progress.'),
('BLST101','Introduction to Black Studies','BLST',4,'P1007','TR 8:30-10:00','LIB106',28,'This course introduces students to the history and methods of the discipline known as Black Studies. Readings will focus on the origins and institutionalization of Black Studies as a field of academic inquiry. Students will learn about the philosophical and political debates that laid the intellectual foundation for Black Studies and examine the social movements that resulted in the field of Black Studies in the present.'),
('BLST101-2','Introduction to Black Studies','BLST',4,'P1007','TR 10:30-12:00','LIB110',29,'This course introduces students to the history and methods of the discipline known as Black Studies. Readings will focus on the origins and institutionalization of Black Studies as a field of academic inquiry. Students will learn about the philosophical and political debates that laid the intellectual foundation for Black Studies and examine the social movements that resulted in the field of Black Studies in the present.'),
('BLST111','Topics in Jazz History','BLST',4,'P1030','MWF 7:00-7:45','LIB110',29,'This course will survey the evolution of jazz from its roots to the present. We will analyze the influence of peoples of various cultures on repertoire, jazz techniques, and styles. Special attention will be paid to some of the more important and influential performers.'),
('BLST111-2',	'Topics in Jazz History',	'BLST',	4,	'P1029',	'MWF 8:00-8:45',	'LIB107',	30,	'This course will survey the evolution of jazz from its roots to the present. We will analyze the influence of peoples of various cultures on repertoire, jazz techniques, and styles. Special attention will be paid to some of the more important and influential performers.'),
('BLST233',	'African Political Thought',	'BLST',	4,	'P1029',	'MWF 1:30-2:15',	'LIB110',	30,	'The purpose of this course is to explore the themes, issues, and trends that shape politics in Africa across 54 countries with over one billion people. The course will cover broad issues such as the foundations of contemporary African politics, the characteristics, and consequences of leadership in Africa, the politics of identity, and economic and political change in Africa.'),
('BLST233-2',	'African Political Thought',	'BLST',	4,	'P1029',	'MWF 2:30-3:15',	'LIB110',	28,	'The purpose of this course is to explore the themes, issues, and trends that shape politics in Africa across 54 countries with over one billion people. The course will cover broad issues such as the foundations of contemporary African politics, the characteristics, and consequences of leadership in Africa, the politics of identity, and economic and political change in Africa.'),
('BLST268',	'Beauty and Fashion in Black Womens History',	'BLST',	4,	'P1030',	'MWF 10:00-10:45',	'LIB100',	25,	'This course uses notions about beauty and the female body to interrogate the complex relationship between gender ideals and the politics of race in the United States. Beginning in the 19th century and continuing to the present, we will examine the ways that advertisers, pageant directors, beauty culturists, activists, teenagers and entertainers have shaped and redefined standards of beauty for American women at key moments in U.S. history.'),
('BLST302',	'Spirit Possession',	'BLST',	4,	'P1007',	'MWF 7:00-7:45',	'LIB106',	27,	'In this course, students will explore mediumship and exorcism practices in the Atlantic World from the early modern period until today. Through case studies- including Haitian Vodou in Brooklyn, Brazilian Umbanda and Candomble, Cuban Palo Monte, Santeria in Chicago, Yoruba and Igbo traditions in West Africa, North American Spiritualism, and Catholic Exorcism in France'),
('BLST309',	'Slavery in the Antebellum South',	'BLST',	4,	'P1028',	'MWF 8:00-8:45',	'LIB108',	28,	'This course examines the southern region of the antebellum United States as a "slave society," that is, a society in which slavery was central to the regions economy, and in which a powerful slaveholding minority held the reigns of political power.'),
('BLST320',	'Critical Race Theory in Education',	'BLST',	4,	'P1028',	'TR 10:30-12:00',	'LIB109',	29,	'Critical Race Theory (CRT) is a historic movement among legal scholars of color in the U.S. that has enjoyed widespread application in a number of disciplines, including Education. This course introduces students to CRT through a close reading of the key writings that formed the movement.'),
('BLST346',	'African American Literature',	'BLST',	4,	'P1030',	'MWF 3:30-4:15',	'LIB109',	30,	'This course thinks through current debates over the relationship between literary aesthetics and harmony in American democracy. Do aesthetics foster a more harmonious or disharmonious national culture? Is disharmony ever important to progress?'),
('CTSJ100',	'Introduction to Critical Theory',	'CTSJ',	4,	'P1041',	'MWF 8:00-8:45',	'LIB200',	26,	'This course introduces critical theory in the context of the problem of social justice. Introductions will be made to psychoanalytic, Marxist, feminist, structuralist, deconstructive, and postcolonial criticism. Reader-responses; New criticism; lesbian, gay, and queer criticism, will also be surveyed.'),
('CTSJ100-2',	'Introduction to Critical Theory',	'CTSJ',	4,	'P1041',	'MWF 2:30-3:15',	'LIB201',	29,	'This course introduces critical theory in the context of the problem of social justice. Introductions will be made to psychoanalytic, Marxist, feminist, structuralist, deconstructive, and postcolonial criticism. Reader-responses; New criticism; lesbian, gay, and queer criticism, will also be surveyed.'),
('CTSJ102',	'Justice Bootcamp',	'CTSJ',	4,	'P1042',	'TR 6:30-8:00',	'LIB202',	28,	'This course unique at either the undergraduate or graduate level will provide students with an intensive and full-spectrum introduction to the most important, most effective and newest techniques, tools and technologies used in political and activist campaigns from the highest levels of electoral politics to non-profit, non-governmental and community campaigns.'),
('CTSJ102-2',	'Justice Bootcamp',	'CTSJ',	4,	'P1043',	'MWF 7:00-7:45',	'LIB203',	29,	'This course unique at either the undergraduate or graduate level will provide students with an intensive and full-spectrum introduction to the most important, most effective and newest techniques, tools and technologies used in political and activist campaigns from the highest levels of electoral politics to non-profit, non-governmental and community campaigns.'),
('CTSJ105',	'Immigration and Education',	'CTSJ',	4,	'P1044',	'MWF 4:30-5:15',	'LIB204',	30,	'This course will locate the topics of immigration and education within historical, legislative, and cultural debates on what it means to be an American and who has the right to an education.'),
('CTSJ120',	'Power and Politics',	'CTSJ',	4,	'P1044',	'MWF 8:00-8:45',	'LIB205',	30,	'This course introduces students to theories of power from multiple disciplines, and applies these theories to analysis of how power operates in formal and informal politics. Students will be introduced to the basic operation of politics and public policy in the U.S., as well power operating in economic and social systems.'),
('CTSJ120-2',	'Power and Politics',	'CTSJ',	4,	'P1044',	'MWF 10:00-10:45',	'LIB206',	30,	'This course introduces students to theories of power from multiple disciplines, and applies these theories to analysis of how power operates in formal and informal politics. Students will be introduced to the basic operation of politics and public policy in the U.S., as well power operating in economic and social systems.'),
('CTSJ221',	'Inequity and the Law',	'CTSJ',	4,	'P1041',	'TR 6:30-8:00',	'LIB207',	29,	'This interdisciplinary course is designed for students considering the law as a potential career path and who are interested in developing an understanding of the relationship between inequity, the law and critical theory. Our materials will include federal and California statutes and case law, government-issued reports, and legal journal articles related to education; housing justice; police practices; consumer protection; immigrants rights; and other topics.'),
('CTSJ221-2',	'Inequity and the Law',	'CTSJ',	4,	'P1043',	'MWF 2:30-3:15',	'LIB208',	28,	'This interdisciplinary course is designed for students considering the law as a potential career path and who are interested in developing an understanding of the relationship between inequity, the law and critical theory. Our materials will include federal and California statutes and case law, government-issued reports, and legal journal articles related to education; housing justice; police practices; consumer protection; immigrants rights; and other topics.'),
('CTSJ376',	'Settler Colonism Studies',	'CTSJ',	4,	'P1044',	'TR 8:30-10:00',	'LIB209',	27,	'This course will engage major concepts, theories, and intellectual inquiries in the area of settler colonial studies. We will ask: what makes settler colonialism distinct from other forms of colonialism? How does settler colonialism intersect with other systems of oppression, such as heteropatriarchy, chattel slavery, and racial capitalism?'),
('CTSJ255',	'Women of Color Feminisms',	'CTSJ',	4,	'P1010',	'MWF 8:00-8:45',	'LIB210',	28,	'This course will examine intersecting and overlapping categories of "difference" by focusing on the lives of women of color. By looking at conditions that shape race, sexuality, gender, class, and cultural differences, this class will critically examine multiple discourses surrounding feminism, anti-racism, heteronormativity, and critiques of imperialism. '),
('CTSJ330',	'Ballroom Renaissance',	'CTSJ',	4,	'P1043',	'MWF 3:30-4:15',	'LIB200',	29,	'This course interrogates the proliferation of ballroom culture in 20th and 21st century America. Students will examine the historical formation of ballroom and black queer culture in mid 20th century Harlem, New Orleans, and Chicago and its contemporary formations as sites of objection, life, and black queer radical praxis within black/latino neighborhoods, while also interrogating the commodification of ballroom within popular culture.'),
('CTSJ330-2',	'Ballroom Renaissance',	'CTSJ',	4,	'P1042',	'TR 10:30-12:00',	'LIB201',	30,	'This course interrogates the proliferation of ballroom culture in 20th and 21st century America. Students will examine the historical formation of ballroom and black queer culture in mid 20th century Harlem, New Orleans, and Chicago and its contemporary formations as sites of objection, life, and black queer radical praxis within black/latino neighborhoods, while also interrogating the commodification of ballroom within popular culture.'),
('CTSJ395',	'Whiteness',	'CTSJ',	4,	'P1043',	'MWF 1:30-2:15',	'LIB201',	30,	'This course seeks to engage the emergent body of scholarship known as Critical White Studies (CWS). This scholarship is designed to deconstruct the racial category "white." We will examine the historical, legal, economic, gender, and aesthetic constructions of whiteness.'),
('CTSJ395-2',	'Whiteness',	'CTSJ',	4,	'P1042',	'MWF 10:00-10:45',	'LIB202',	28,	'This course seeks to engage the emergent body of scholarship known as Critical White Studies (CWS). This scholarship is designed to deconstruct the racial category "white." We will examine the historical, legal, economic, gender, and aesthetic constructions of whiteness.'),
('CTSJ220',	'Mapping Social Injustice in the United States',	'CTSJ',	4,	'P1042',	'MWF 7:00-7:45',	'LIB201',	25,	'This class introduces students to the concept of intersectionality? how different identities (e.g., gender, race, ability, sexuality) overlap to create interdependent systems of oppression. Students will learn how these systems of power operate and function, and will analyze how these systems intersect and morph to maintain existing power structures.'),
('CTSJ220-2',	'Mapping Social Injustice in the United States',	'CTSJ',	4,	'P1044',	'MWF 3:30-4:15',	'LIB202',	27,	'This class introduces students to the concept of intersectionality? how different identities (e.g., gender, race, ability, sexuality) overlap to create interdependent systems of oppression. Students will learn how these systems of power operate and function, and will analyze how these systems intersect and morph to maintain existing power structures.'),
('CTSJ398',	'Social Justice Practicum',	'CTSJ',	4,	'P1041',	'TR 8:30-10:00',	'LIB200',	28,	'Working with a CTSJ faculty member, students will select an internship site whose mission is to address matters of inequality and social justice. The Department has a list of organizations where students can inquire about internships.'),
('CTSJ398-2',	'Social Justice Practicum',	'CTSJ',	4,	'P1043',	'TR 10:30-12:00',	'LIB200',	29,	'Working with a CTSJ faculty member, students will select an internship site whose mission is to address matters of inequality and social justice. The Department has a list of organizations where students can inquire about internships.'),
('CTSJ490',	'Senior Seminar',	'CTSJ',	4,	'P1010',	'TR 8:30-10:00',	'LIB201',	30,	'This course is offered in conjunction with CTSJ majors ongoing research for the senior thesis. Seminar meetings will be devoted to discussion and critique of students work in progress and to close readings of a select few texts in Critical Theory - Social Justice.'),
('CTSJ490-2',	'Senior Seminar',	'CTSJ',	4,	'P1010',	'TR 10:30-12:00',	'LIB202',	27,	'This course is offered in conjunction with CTSJ majors ongoing research for the senior thesis. Seminar meetings will be devoted to discussion and critique of students work in progress and to close readings of a select few texts in Critical Theory - Social Justice.'),
('GERM101',	'Elementary German 1',	'GERM',	4,	'P1005',	'MWF 7:00-7:45',	'J100',	29,	'Introduces basic language skills, grammar, pronunciation, oral communication, and reading simple prose. Culture taught through readings, videos, and discussions.'),
('GERM101-2',	'Elementary German 1',	'GERM',	4,	'P1048',	'MWF 1:30-2:15',	'J101',	28,	'Introduces basic language skills, grammar, pronunciation, oral communication, and reading simple prose. Culture taught through readings, videos, and discussions.'),
('GERM151',	'Beginning/Intermediate Conversation',	'GERM',	4,	'P1048',	'MWF 10:00-10:45',	'J102',	29,	'Oral practice based on articles in current periodicals and other subjects of general interest. Taught by a German language assistant from the University of the Saarland, under the supervision of a German instructor.'),
('GERM151-2',	'Beginning/Intermediate Conversation',	'GERM',	4,	'P1049',	'MWF 3:30-4:15',	'J103',	30,	'Oral practice based on articles in current periodicals and other subjects of general interest. Taught by a German language assistant from the University of the Saarland, under the supervision of a German instructor.'),
('GERM201',	'Intermediate German',	'GERM',	4,	'P1049',	'TR 8:30-10:00',	'J104',	30,	'An advanced course to build up comprehension as well as oral and writing skills. Reading and discussion of literary and cultural texts, supplemented with video films and T.V. news on current events in Germany. Practice in essay writing. Prerequisite: German 102 or equivalent.'),
('GERM201-2',	'Intermediate German',	'GERM',	4,	'P1048',	'TR 10:30-12:00',	'J105',	30,	'An advanced course to build up comprehension as well as oral and writing skills. Reading and discussion of literary and cultural texts, supplemented with video films and T.V. news on current events in Germany. Practice in essay writing. Prerequisite: German 102 or equivalent.'),
('GERM102',	'Elementary German 2',	'GERM',	4,	'P1049',	'MWF 8:00-8:45',	'J106',	29,	'Continuation of German 101.'),
('GERM202',	'German Stylistics',	'GERM',	4,	'P1005',	'TR 8:30-10:00',	'J107',	28,	'Continuation of German 201 on an advanced level. Review of advanced German grammar and exercises in stylistics and essay writing.'),
('GERM318',	'What is Enlightenment',	'GERM',	4,	'P1005',	'TR 6:30-8:00',	'J108',	30,	'Derided or revered, there is no question that the Enlightenment is important. But what was the Enlightenment? This course will investigate the Enlightenment in all its complexities and contradictions.'),
('HIST101','United States Culture and Society','HIST',4,'P1012','TR 8:30-10:00','J200',28,'This course is an introduction to early North American/United States history reaching from colonization to the Civil War. Of particular interest in this course will be the theme of cross-cultural interactions in the midst of transforming economies, an expanding nation, and unequal power relations.'),
('HIST101-2',	'United States Culture and Society',	'HIST',	4,	'P1053',	'TR 10:30-12:00',	'J201',	27,	'This course is an introduction to early North American/United States history reaching from colonization to the Civil War. Of particular interest in this course will be the theme of cross-cultural interactions in the midst of transforming economies, an expanding nation, and unequal power relations.'),
('HIST101-3',	'United States Culture and Society',	'HIST',	4,	'P1050',	'MWF 7:00-7:45',	'J202',	28,	'This course is an introduction to early North American/United States history reaching from colonization to the Civil War. Of particular interest in this course will be the theme of cross-cultural interactions in the midst of transforming economies, an expanding nation, and unequal power relations.'),
('HIST121',	'Europe and the Middle East',	'HIST',	4,	'P1050',	'MWF 8:00-8:45',	'J203',	29,	'A survey of multiple Western civilizations and their interrelationships. Among ancients, we shall study Mesopotamians, Egyptians, Hebrews, Persians, Greeks, and Romans. In medieval times, we shall examine Catholic Europe, Greek Orthodox Byzantium, Islamic Civilization, and their interrelationships. We shall consider the treatment of women and of minorities, and shall highlight travelers between civilizations. '),
('HIST121-2',	'Europe and the Middle East',	'HIST',	4,	'P1051',	'MWF 1:30-2:15',	'J204',	30,	'A survey of multiple Western civilizations and their interrelationships. Among ancients, we shall study Mesopotamians, Egyptians, Hebrews, Persians, Greeks, and Romans. In medieval times, we shall examine Catholic Europe, Greek Orthodox Byzantium, Islamic Civilization, and their interrelationships. We shall consider the treatment of women and of minorities, and shall highlight travelers between civilizations.'),
('HIST150',	'Colonial Latin America',	'HIST',	4,	'P1051',	'MWF 2:30-3:15',	'J205',	28,	'This course provides an overview of the historical evolution of Latin America from 1492 to 1820. The course begins with an introduction to the indigenous, Iberian, and African backgrounds and traces the convergence of cultures and ethnicities that shape Latin American societies and cultures.'),
('HIST150-2',	'Colonial Latin America',	'HIST',	4,	'P1052',	'MWF 10:00-10:45',	'J206',	27,	'This course provides an overview of the historical evolution of Latin America from 1492 to 1820. The course begins with an introduction to the indigenous, Iberian, and African backgrounds and traces the convergence of cultures and ethnicities that shape Latin American societies and cultures.'),
('HIST207',	'African American History',	'HIST',	4,	'P1052',	'MWF 7:00-7:45',	'J207',	26,	'This course introduces students to major issues in African American history from the earliest experiences of forced African migrants to North America to the black quest for freedom in the twentieth century United States. With our focus on significant demographic, institutional, cultural, and political developments within African American communities, we will explore key themes and watershed moments in the African American experience'),
('HIST207-2',	'African American History',	'HIST',	4,	'P1051',	'MWF 8:00-8:45',	'J208',	29,	'This course introduces students to major issues in African American history from the earliest experiences of forced African migrants to North America to the black quest for freedom in the twentieth century United States. With our focus on significant demographic, institutional, cultural, and political developments within African American communities, we will explore key themes and watershed moments in the African American experience'),
('HIST257',	'History of AntiSemitism',	'HIST',	4, 'P1012',	'TR 10:30-12:00',	'J209',	28,	'A systematic examination of the history of anti-Semitism, beginning with the emergence of anti-Judaism in late antiquity, its transformation into theological anti-Semitism in the Middle Ages, and a racialized anti-Semitism in the modern world.'),
('HIST257-2',	'History of AntiSemitism',	'HIST',	4,	'P1053',	'MWF 3:30-4:15',	'J210',	29,	'A systematic examination of the history of anti-Semitism, beginning with the emergence of anti-Judaism in late antiquity, its transformation into theological anti-Semitism in the Middle Ages, and a racialized anti-Semitism in the modern world.'),
('HIST274',	'Medicine and Disease in Western Society',	'HIST',	4,	'P1052',	'MWF 8:00-8:45',	'J200',	30,	'A study of three aspects of the history of medicine: theory and practice from ancient times to the present; great doctors and healers, both male and female, examined in their social contexts; the effects of epidemics, such as the Black Death, on the course of Western civilization.'),
('HIST274-2','Medicine and Disease in Western Society','HIST',4,'P1053','MWF 2:30-3:15','J200',30,'A study of three aspects of the history of medicine: theory and practice from ancient times to the present great doctors and healers, both male and female, examined in their social contexts the effects of epidemics, such as the Black Death, on the course of Western civilization.'),
('HIST192','Gender','HIST',4,'P1051','TR 6:30-8:00','J201',30,'The course explores gender as a malleable category of historical analysis that intersects fluidly with other categories such as race, class, and sexuality. Course materials interweave global historical studies from the 16th to the 20th centuries.'),
('HIST205','Urban History','HIST',4,'P1053','MWF 7:00-7:45','J201',29,'We will explore not only suburbia and freeways, Disneyland and other quasi-urban outposts, but also the changing character of the inner city in the mid-twentieth century, as well as radical efforts to reform existing American cities. In the process, we encounter the American city of today  multicentered, privately planned, decentralized, and multiethnic. We will conclude by asking whether contemporary developments in urbanism.'),
('HIST205-2','Urban History','HIST',4,'P1050','MWF 4:30-5:15','J202',28,'We will explore not only suburbia and freeways, Disneyland and other quasi-urban outposts, but also the changing character of the inner city in the mid-twentieth century, as well as radical efforts to reform existing American cities. In the process, we encounter the American city of today  multicentered, privately planned, decentralized, and multiethnic. We will conclude by asking whether contemporary developments in urbanism.'),
('HIST316',	'From Noir to the Space Age',	'HIST',	4,	'P1052',	'TR 10:30-12:00',	'J202',	27,	'When we think of the World War II era and its aftermath in Southern California, images of freeways, airy tract homes, and classic Hollywood glamour often jump to mind. If we look a bit deeper, the Zoot Suit Riots, the scandal of Chavez Ravine, the destruction of public transit, and other more complex, and often "noir" images might emerge.'),
('HIST358',	'Food and Drink in Mexican History',	'HIST',	4,	'P1012',	'MWF 7:00-7:45',	'J204',	28,	'This seminar examines Mexican foodways deemed by UNESCO as an Intangible Cultural Heritage of Humanity from the Postclassic Period to the present. We begin with the premise set by anthropologist Sidney Mintz that food is always a matter of cultural history, political economy, and systems of meaning.'),
('HIST490',	'Senior Seminar',	'HIST',	4,	'P1012',	'MWF 1:30-2:15',	'J205',	29,	'Students will write a major paper that involves research and analysis of primary and secondary documents. Papers may concentrate on a geographical area or take a topical approach, such as History of Science and Medicine, Womens History, or Revolutions. In addition, the seminar participants will read works by historians reflecting on their craft.'),
('HIST490-2',	'Senior Seminar','HIST',	4,	'P1012',	'MWF 10:00-10:45',	'J207',	29,	'Students will write a major paper that involves research and analysis of primary and secondary documents. Papers may concentrate on a geographical area or take a topical approach, such as History of Science and Medicine, Womens History, or Revolutions. In addition, the seminar participants will read works by historians reflecting on their craft.'),
('LING301',	'Introduction to Linguistics',	'LING',	4,	'P1055',	'MWF 10:00-10:45',	'B200',	25,	'This course is designed as a solid introduction to and overview of the field of linguistics. Students will explore a number of topics that are at the core of linguistics. We begin with a theoretical background in subfields such as syntax, morphology, phonology, and phonetics. '),
('LING301-2',	'Introduction to Linguistics',	'LING',	4,	'P1056',	'MWF 4:00-4:45',	'B201',	27,	'This course is designed as a solid introduction to and overview of the field of linguistics. Students will explore a number of topics that are at the core of linguistics. We begin with a theoretical background in subfields such as syntax, morphology, phonology, and phonetics.'),
('LING301-3',	'Introduction to Linguistics',	'LING',	4,	'P1013',	'TR 8:30-10:00',	'B202',	28,	'This course is designed as a solid introduction to and overview of the field of linguistics. Students will explore a number of topics that are at the core of linguistics. We begin with a theoretical background in subfields such as syntax, morphology, phonology, and phonetics.'),
('LING351',	'Phonetics',	'LING',	4,	'P1013',	'TR 10:30-12:00',	'B203',	29,	'This course aims to equip students with the understanding of how speech sounds in the world?s languages are produced via an introduction to articulatory and acoustic phonetics.'),
('LING351-2',	'Phonetics',	'LING',	4,	'P1058',	'MWF 10:00-10:45',	'B204',	30,	'This course aims to equip students with the understanding of how speech sounds in the world?s languages are produced via an introduction to articulatory and acoustic phonetics.'),
('LING350',	'Psycholinguistics',	'LING',	4,	'P1058',	'TR 2:30-4:00',	'B205',	26,	'Traditional linguistics has revealed how complex and ambiguous natural language is. Despite this fact, people are able to effortlessly and accurately produce and understand language. At the crossroads of linguistics, psychology, and neuroscience, psycholinguistics is concerned with providing an explanation of how the human language processing system works.'),
('LING350-2',	'Psycholinguistics',	'LING',	4,	'P1055',	'MWF 3:30-4:15',	'B206',	29,	'Traditional linguistics has revealed how complex and ambiguous natural language is. Despite this fact, people are able to effortlessly and accurately produce and understand language. At the crossroads of linguistics, psychology, and neuroscience, psycholinguistics is concerned with providing an explanation of how the human language processing system works.'),
('LING355',	'Sociolinguistics',	'LING',	4,	'P1055',	'MWF 4:30-5:15',	'B207',	28,	'The core goal of the course is to identify phonological and morphosyntactic variation throughout Spain, Latin America, and the US, and identify what this variation tells us about language change and development as well as about the social characteristics and identities of the speakers themselves.'),
('LING355-2',	'Sociolinguistics',	'LING',	4,	'P1056',	'MWF 10:00-10:45',	'B208',	29,	'The core goal of the course is to identify phonological and morphosyntactic variation throughout Spain, Latin America, and the US, and identify what this variation tells us about language change and development as well as about the social characteristics and identities of the speakers themselves.'),
('LING330',	'Linguistics for Cognitive Science',	'LING',	4,	'P1058',	'TR 2:30-4:00',	'B209',	30,	'Language and cognition are intimately related. For this reason Linguistics has had an extremely strong influence on Cognitive Science. This course studies language and linguistics in the context of Cognitive Science.'),
('LING330-2',	'Linguistics for Cognitive Science',	'LING',	4,	'P1056',	'TR 8:30-10:00',	'B210',	30,	'Language and cognition are intimately related. For this reason Linguistics has had an extremely strong influence on Cognitive Science. This course studies language and linguistics in the context of Cognitive Science.'),
('LING150',	'Formal Logic',	'LING',	4,	'P1013',	'TR 6:30-8:00',	'B200',	30,	'This course introduces students to symbolic models of the structure of arguments, and to tools for representing those structures and evaluating them as patterns of good or bad arguments.'),
('LING150-2',	'Formal Logic',	'LING',	4,	'P1057',	'TR 10:30-12:00',	'B200',	29,	'This course introduces students to symbolic models of the structure of arguments, and to tools for representing those structures and evaluating them as patterns of good or bad arguments.'),
('LING150-3',	'Formal Logic',	'LING',	4,	'P1056',	'MWF 7:00-7:45',	'B200',	28,	'This course introduces students to symbolic models of the structure of arguments, and to tools for representing those structures and evaluating them as patterns of good or bad arguments.'),
('LING340',	'Spanish Phonology',	'LING',	4, 'P1055',	'MWF 8:00-8:45',	'B200',	27,	'This course serves as a general introduction to the study of the Spanish sound system. The objectives of this course include strengthening students Spanish pronunciation in the direction of a more native-like, normative pronunciation and introducing them to phonetics and phonology.'),
('LING340-2',	'Spanish Phonology',	'LING',	4,	'P1057',	'MWF 1:30-2:15',	'B201',	28,	'This course serves as a general introduction to the study of the Spanish sound system. The objectives of this course include strengthening students Spanish pronunciation in the direction of a more native-like, normative pronunciation and introducing them to phonetics and phonology.'),
('LING341',	'History of the Spanish Language',	'LING',	4,	'P1057',	'MWF 2:30-3:15',	'B201',	29,	'This course consists of an introduction to historical Hispanic linguistics. Students learn about the major phonological, morphosyntactic, and lexical changes that have occurred in the language from the time of the arrival of the Roman armies into the Iberian Peninsula until the present.'),
('LING341-2',	'History of the Spanish Language',	'LING',	4,	'P1057',	'MWF 10:00-10:45',	'B201',	29,	'This course consists of an introduction to historical Hispanic linguistics. Students learn about the major phonological, morphosyntactic, and lexical changes that have occurred in the language from the time of the arrival of the Roman armies into the Iberian Peninsula until the present.'),
('LING343',	'Spanish Sociolinguistics',	'LING',	4,	'P1013',	'MWF 3:30-4:15',	'B202',	30,	'The core goal of the course is to identify phonological and morphosyntactic variation throughout Spain, Latin America, and the US, and identify what this variation tells us about language change and development as well as about the social characteristics and identities of the speakers themselves.'),
('LING343-2',	'Spanish Sociolinguistics',	'LING',	4,	'P1013',	'MWF 8:00-8:45',	'B201',	30,	'The core goal of the course is to identify phonological and morphosyntactic variation throughout Spain, Latin America, and the US, and identify what this variation tells us about language change and development as well as about the social characteristics and identities of the speakers themselves.'),
('COGS101',	'Introduction to Cognitive Science',	'COGS',	4,	'P1036',	'MWF 7:00-7:45',	'B100',	24,	'An interdisciplinary introduction to the discovery of the mind through philosophical texts, psychological experiments, artificial intelligence, the study of nerve cells and neural networks and investigations into language. The purpose of the course is to foster an appreciation of the wonder and complexity of minds and brains, both human and otherwise.'),
('COGS101-2',	'Introduction to Cognitive Science',	'COGS',	4,	'P1036',	'MWF 1:30-2:15',	'B101',	29,	'An interdisciplinary introduction to the discovery of the mind through philosophical texts, psychological experiments, artificial intelligence, the study of nerve cells and neural networks and investigations into language. The purpose of the course is to foster an appreciation of the wonder and complexity of minds and brains, both human and otherwise.'),
('COGS101-3',	'Introduction to Cognitive Science',	'COGS',	4,	'P1036',	'MWF 10:00-10:45',	'B102',	28,	'An interdisciplinary introduction to the discovery of the mind through philosophical texts, psychological experiments, artificial intelligence, the study of nerve cells and neural networks and investigations into language. The purpose of the course is to foster an appreciation of the wonder and complexity of minds and brains, both human and otherwise.'),
('COGS104',	'Introduction to Neuroscience',	'COGS',	4,	'P1038',	'MWF 3:30-4:15',	'B103',	27,	'This course provides a basic introduction to the nervous system. It will include an introduction to how nerve and glial cells contribute to different brain functions. Brain structures and systems and how they act to produce sensory experience, thought, emotion, and memory will also be covered.'),
('COGS104-2',	'Introduction to Neuroscience',	'COGS',	4,	'P1036',	'TR 8:30-10:00',	'B104',	25,	'This course provides a basic introduction to the nervous system. It will include an introduction to how nerve and glial cells contribute to different brain functions. Brain structures and systems and how they act to produce sensory experience, thought, emotion, and memory will also be covered.'),
('COGS201',	'Empirical Methods in Cognitive Science',	'COGS',	4,	'P1036',	'TR 10:30-12:00',	'B105',	26,	'This course provides students with a foundation to think critically about research in Cognitive Science and lays the groundwork for the original research that will be done in the senior year. We will examine primary literature, carefully considering the processes involved in moving from a general idea to a specific research question.'),
('COGS201-2','Empirical Methods in Cognitive Science','COGS',4,'P1039','MWF 8:00-8:45','B106',23,'This course provides students with a foundation to think critically about research in Cognitive Science and lays the groundwork for the original research that will be done in the senior year. We will examine primary literature, carefully considering the processes involved in moving from a general idea to a specific research question.'),
('COGS230','Mind Brain and Behavior','COGS',4,'P1038','TR 8:30-10:00','B107',24,'This course addresses the question: how can we understand the mind scientifically? We will explore answers to this question via a critical survey of neural and behavioral evidence bearing on the nature of core cognitive capacities, including perception, memory, emotion, decision-making, rationality, and consciousness.'),
('COGS230-2','Mind Brain and Behavior','COGS',4,'P1038','TR 6:30-8:00','B108',30,'This course addresses the question: how can we understand the mind scientifically? We will explore answers to this question via a critical survey of neural and behavioral evidence bearing on the nature of core cognitive capacities, including perception, memory, emotion, decision-making, rationality, and consciousness.'),
('COGS395',	'Directed Research',	'COGS',	4,	'P1009',	'TR 8:30-10:00',	'B109',	28,	'Directed research with a faculty member.'),
('COGS395-2',	'Directed Research',	'COGS',	4,	'P1009',	'TR 10:30-12:00',	'B110',	23,	'Directed research with a faculty member.'),
('COGS395-3',	'Directed Research',	'COGS',	4,	'P1039',	'MWF 7:00-7:45',	'B101',	21,	'Directed research with a faculty member.'),
('COGS242',	'Computational Approaches to Cognition',	'COGS',	4,	'P1037',	'MWF 8:00-8:45',	'B100',	20,	'Computational modeling provides important insights into how the mind/brain may work. We will examine three different approaches that have been used to provide insights into cognition: symbolic methods, connectionism, and probabilistic methods.'),
('COGS242-2','Computational Approaches to Cognition','COGS',4,'P1037','MWF 1:30-2:15','B100',28,'Computational modeling provides important insights into how the mind/brain may work. We will examine three different approaches that have been used to provide insights into cognition: symbolic methods, connectionism, and probabilistic methods.'),
('COGS265','Art Creativity and Cognition','COGS',4,'P1037','MWF 2:30-3:15','B101',20,'Art  be it visual, music, dance, or literature  is an extraordinarily powerful practice, driving many of our behaviors and engaging us physically, emotionally, and cognitively. This seminar will explore the various creative arts through the perspective of psychology, neuroscience, and philosophy.'),
('COGS320',	'Cognitive Neuroscience',	'COGS',	4,	'P1039',	'MWF 10:00-10:45',	'B101',	23,	'This course will introduce students to the biology of the mind. It will provide an overview of neuroanatomy and characterize the neural mechanisms supporting complex cognitive processes including vision, attention, consciousness, language, memory, learning, emotion, and action.'),
('COGS320-2',	'Cognitive Neuroscience',	'COGS',	4,	'P1040',	'MWF 7:00-7:45',	'B102',	24,	'This course will introduce students to the biology of the mind. It will provide an overview of neuroanatomy and characterize the neural mechanisms supporting complex cognitive processes including vision, attention, consciousness, language, memory, learning, emotion, and action.'),
('COGS330',	'Linguistics for Cognitive Science',	'COGS',	4,	'P1009',	'MWF 8:00-8:45',	'B102',	28,	'Language and cognition are intimately related. For this reason Linguistics has had an extremely strong influence on Cognitive Science. This course studies language and linguistics in the context of Cognitive Science.'),
('COGS330-2',	'Linguistics for Cognitive Science',	'COGS',	4,	'P1040',	'TR 10:30-12:00',	'B100',	29,	'Language and cognition are intimately related. For this reason Linguistics has had an extremely strong influence on Cognitive Science. This course studies language and linguistics in the context of Cognitive Science.'),
('COGS265-2',	'Art Creativity and Cognition',	'COGS',	4,	'P1040',	'MWF 3:30-4:15',	'B102',	27,	'Art be it visual, music, dance, or literature  is an extraordinarily powerful practice, driving many of our behaviors and engaging us physically, emotionally, and cognitively. This seminar will explore the various creative arts through the perspective of psychology, neuroscience, and philosophy.'),
('COGS220',	'Animal Cognition',	'COGS',	4,	'P1038',	'MWF 8:00-8:45',	'B103',	26,	'This course will study the evidence for cognitive states and processes in nonhuman animals, focusing on careful and critical attention to the methods and techniques used to gather that evidence, and on the considerations that go into interpreting that evidence.'),
('COGS220-2',	'Animal Cognition',	'COGS',	4,	'P1039',	'MWF 2:30-3:15',	'B103',	25,	'This course will study the evidence for cognitive states and processes in nonhuman animals, focusing on careful and critical attention to the methods and techniques used to gather that evidence, and on the considerations that go into interpreting that evidence.'),
('COGS340',	'Human Computer Interaction',	'COGS',	4,	'P1009',	'TR 6:30-8:00',	'B100',	20,	'This course focuses on the process and technology behind making intuitive and useful websites and the techniques for determining the effectiveness of the products, including prototyping and user testing. Students will also explore how principles of attention, perception and cognition guide relate to user experiences.'),
('COGS340-2',	'Human Computer Interaction',	'COGS',	4,	'P1037',	'MWF 7:00-7:45',	'B104',	28,	'This course focuses on the process and technology behind making intuitive and useful websites and the techniques for determining the effectiveness of the products, including prototyping and user testing. Students will also explore how principles of attention, perception and cognition guide relate to user experiences.'),
('COGS390',	'The State of Science',	'COGS',	4,	'P1040',	'MWF 4:30-5:15',	'B104',	27,	'A recent replication crisis in the sciences has led to large-scale questioning centered on scientific integrity.'),
('COGS495',	'Advanced Research',	'COGS',	4,	'P1037', 'TR 10:30-12:00',	'B101',	30,	'Students with substantial directed research experience will conduct an independent research project of their own design, with guidance from a faculty mentor.'),
('COGS490',	'Senior Seminar',	'COGS',	4,	'P1009',	'MWF 7:00-7:45',	'B105',	30,	'This course will support senior cognitive science majors as they conduct original research as part of their senior comprehensive requirement.'),
('COGS490-2',	'Senior Seminar',	'COGS',	4,	'P1009',	'MWF 1:30-2:15',	'B103',	25,	'This course will support senior cognitive science majors as they conduct original research as part of their senior comprehensive requirement.');



ALTER TABLE `Major`
ADD FOREIGN KEY (`Dep_char`) REFERENCES `Professor`(`Professor_id`);

ALTER TABLE `Student`
ADD FOREIGN KEY(`Advisor`) REFERENCES `Professor`(`Professor_id`),
ADD FOREIGN KEY(`Major`) REFERENCES `Major`(`Dep_id`);

ALTER TABLE `Professor`
ADD FOREIGN KEY(`Dept_in`) REFERENCES `Major`(`Dep_id`),
ADD FOREIGN KEY(`Office_location`) REFERENCES `Location`(`Location_code`);

/*
SELECT DISTINCT Course_location FROM 
   Course tags LEFT JOIN Location sc ON tags.Course_location=sc.Location_code 
WHERE sc.Location_code IS NULL;
*/
#Code to debug for foreign keys 

ALTER TABLE `Course`
ADD FOREIGN KEY(`Dept_id`) REFERENCES `Major`(`Dep_id`),
ADD FOREIGN KEY(`Professor`) REFERENCES `Professor`(`Professor_id`),
ADD FOREIGN KEY(`Course_location`) REFERENCES `Location`(`Location_code`);
